What type of vehicle do you use?,What is the fuel type of your vehicle,How often do you use your vehicle?,How would you describe your driving style,How often do you accelerate quickly?,How often do you apply sudden brakes?,What is your average driving speed?,What type of traffic do you usually experience?,How often do you face traffic congestion?,Do you often drive in stop-and-go traffic?,How would you rate your vehicle’s fuel consumption?,How often do you refuel your vehicle?,Approximately how much fuel do you use per week?,Do you think your driving behavior affects fuel consumption?,Are you using the QR-based fuel system?,Is the allocated fuel sufficient for your weekly needs?,Has fuel limitation changed your travel behavior?,What changes have you made due to fuel limits?,Distance (km)
1,1,Daily,1,Sometimes,Sometimes,2,2,Sometimes,No,2,Once a week,21–40  Liters,Yes,Yes,No,Yes,"Reduced travel, Changed routes, Driving more carefully",350
4,1,Daily,2,Sometimes,Sometimes,2,2,Frequently,No,2,Once a week,10–20  Liters,Not sure,Yes,No,Yes,"Reduced travel, Changed routes, Driving more carefully",550
3,2,Daily,2,Sometimes,Sometimes,2,2,Sometimes,No,2,Once a week,41–60 Liters,Yes,Yes,No,Yes,"Changed routes, Driving more carefully",480
2,2,Daily,1,Often,Often,2,3,Frequently,Yes,3,Once a week,81–100 Liters,Yes,Yes,No,Yes,"Reduced travel, Changed routes",375
5,1,Daily,2,Sometimes,Sometimes,3,2,Sometimes,Yes,2,Twice a week,Less than 10  Liters,Yes,Yes,Yes,Yes,Driving more carefully,360
4,1,Several times a week,2,Often,Sometimes,2,2,Sometimes,No,2,More than twice,Less than 10  Liters,Yes,Yes,Yes,Yes,Reduced travel,262
5,1,Daily,1,Sometimes,Sometimes,2,1,Rarely,Yes,2,3 time per week,Less than 10  Liters,Yes,Yes,Yes,No,Reduced travel,218
2,2,Several times a week,2,Sometimes,Sometimes,2,2,Sometimes,Yes,2,More than twice,21–40  Liters,Yes,Yes,Yes,Yes,Changed routes,142
1,1,Several times a week,1,Sometimes,Sometimes,2,1,Sometimes,Yes,2,Twice a week,Less than 10  Liters,Not sure,Yes,Yes,No,Reduced travel,110
5,1,Daily,2,Often,Often,1,2,Frequently,No,2,More than twice,Less than 10  Liters,Yes,Yes,Yes,No,No change,75
4,1,Daily,2,Sometimes,Sometimes,2,2,Sometimes,No,2,Once a week,10–20  Liters,Yes,Yes,No,Yes,"Reduced travel, Driving more carefully",424
3,1,Several times a week,2,Sometimes,Sometimes,2,2,Sometimes,Yes,2,Twice a week,10–20  Liters,Yes,Yes,No,Yes,"Reduced travel, Changed routes, Driving more carefully",135
3,1,Daily,2,Sometimes,Sometimes,1,2,Sometimes,Yes,1,Twice a week,21–40  Liters,Yes,Yes,No,Yes,Reduced travel,355
4,1,Occasionally,2,Sometimes,Sometimes,2,2,Sometimes,Yes,2,Once a week,10–20  Liters,No,Yes,No,Yes,Changed routes,635
5,1,Occasionally,1,Sometimes,Sometimes,2,2,Sometimes,Yes,2,More than twice,Less than 10  Liters,No,Yes,Yes,Yes,Driving more carefully,59
5,1,Daily,2,Sometimes,Sometimes,2,2,Frequently,Yes,2,Twice a week,Less than 10  Liters,No,Yes,No,Yes,"Reduced travel, Driving more carefully",400
3,1,Several times a week,2,Sometimes,Never,2,3,Frequently,No,2,Once a week,21–40  Liters,Yes,Yes,No,Yes,"Reduced travel, Changed routes, Driving more carefully",364
1,1,Several times a week,1,Sometimes,Sometimes,2,2,Sometimes,No,2,Once a week,Less than 10  Liters,Yes,Yes,Yes,Yes,Driving more carefully,151
1,1,Several times a week,1,Sometimes,Sometimes,2,2,Sometimes,Yes,2,Once a week,10–20  Liters,Not sure,Yes,Yes,Yes,Reduced travel,290
1,1,Daily,1,Sometimes,Sometimes,2,2,Sometimes,Yes,2,Once a week,10–20  Liters,Yes,Yes,Yes,Yes,Reduced travel,291
1,2,Several times a week,2,Sometimes,Sometimes,2,2,Sometimes,Yes,2,Once a week,21–40  Liters,Not sure,Yes,Yes,Yes,Changed routes,371
1,2,Several times a week,1,Sometimes,Sometimes,3,2,Frequently,Yes,2,Once a week,21–40  Liters,Yes,Yes,Yes,Yes,Reduced travel,400
4,1,Several times a week,1,Sometimes,Sometimes,2,2,Frequently,No,2,Once a week,10–20  Liters,Not sure,Yes,Yes,Yes,"Reduced travel, Changed routes",515
1,1,Several times a week,2,Sometimes,Sometimes,2,2,Sometimes,Yes,2,Once a week,Less than 10  Liters,Yes,Yes,Yes,No,Changed routes,90
1,1,Several times a week,2,Sometimes,Sometimes,2,2,Sometimes,Yes,2,Once a week,10–20  Liters,Yes,Yes,Yes,Yes,No change,200
5,1,Daily,2,Sometimes,Sometimes,2,1,Sometimes,Yes,2,Once a week,Less than 10  Liters,Yes,No,Yes,Yes,Reduced travel,550
1,1,Daily,1,Sometimes,Often,3,2,Sometimes,Yes,2,Twice a week,21–40  Liters,Yes,Yes,Yes,Yes,Driving more carefully,357
5,1,Daily,1,Sometimes,Sometimes,2,3,Frequently,Yes,2,Once a week,Less than 10  Liters,Yes,Yes,Yes,Yes,Reduced travel,96
5,1,Daily,2,Sometimes,Sometimes,4,2,Sometimes,Yes,2,Once a week,Less than 10  Liters,Not sure,Yes,No,Yes,"Changed routes, No change",245
5,1,Daily,2,Sometimes,Sometimes,2,2,Sometimes,No,2,Twice a week,Less than 10  Liters,Not sure,Yes,Yes,Yes,"Changed routes, Driving more carefully",161
5,1,Occasionally,1,Sometimes,Sometimes,2,2,Sometimes,Yes,1,Once a week,Less than 10  Liters,Yes,Yes,Yes,No,"Reduced travel, Driving more carefully",232
1,1,Daily,1,Sometimes,Sometimes,2,3,Frequently,Yes,2,Twice a week,10–20  Liters,Not sure,Yes,Yes,No,Reduced travel,241
1,1,Several times a week,2,Sometimes,Sometimes,2,2,Sometimes,Yes,2,Once a week,10–20  Liters,Not sure,Yes,Yes,Yes,Reduced travel,300
1,1,Several times a week,2,Sometimes,Sometimes,2,2,Sometimes,Yes,2,Once a week,10–20  Liters,Not sure,Yes,Yes,Yes,Reduced travel,236
1,1,Several times a week,2,Never,Sometimes,2,1,Rarely,No,2,Once a week,10–20  Liters,Yes,Yes,Yes,Yes,Reduced travel,149
2,2,Several times a week,2,Sometimes,Sometimes,2,1,Rarely,Yes,1,Once a week,61–80 Liters,Yes,Yes,Yes,No,Reduced travel,295
1,1,Several times a week,1,Sometimes,Sometimes,2,2,Sometimes,Yes,2,Twice a week,Less than 10  Liters,Not sure,Yes,Yes,Yes,Reduced travel,122
1,2,Daily,1,Sometimes,Sometimes,2,2,Sometimes,Yes,2,Once a week,21–40  Liters,Not sure,Yes,Yes,Yes,Changed routes,421
5,1,Daily,2,Sometimes,Sometimes,2,2,Sometimes,Yes,2,More than twice,Less than 10  Liters,Yes,Yes,No,Yes,Reduced travel,82
1,1,Several times a week,1,Sometimes,Often,2,2,Sometimes,Yes,2,Twice a week,10–20  Liters,Not sure,Yes,Yes,No,No change,275
1,1,Several times a week,1,Sometimes,Sometimes,3,3,Sometimes,No,2,Twice a week,Less than 10  Liters,Not sure,Yes,No,No,No change,138
5,1,Several times a week,1,Sometimes,Sometimes,2,1,Rarely,No,1,Twice a week,Less than 10  Liters,Yes,Yes,Yes,Yes,No change,133
1,1,Several times a week,1,Sometimes,Sometimes,2,2,Sometimes,No,2,As required running capacity ,Less than 10  Liters,Yes,Yes,Yes,Yes,"Changed routes, Driving more carefully",160
5,1,Daily,2,Sometimes,Sometimes,2,1,Frequently,No,3,More than twice,Less than 10  Liters,No,Yes,Yes,Yes,Reduced travel,150
5,1,Daily,1,Sometimes,Sometimes,2,2,Sometimes,Yes,2,More than twice,Less than 10  Liters,Yes,Yes,Yes,Yes,Changed routes,254
5,1,Daily,2,Sometimes,Sometimes,2,1,Rarely,No,2,Once a week,Less than 10  Liters,Yes,Yes,Yes,Yes,"Reduced travel, Changed routes, Driving more carefully",244
6,2,Several times a week,1,Sometimes,Sometimes,2,2,Sometimes,No,2,Twice a week,More than 100 Liters,Not sure,Yes,Yes,Yes,Driving more carefully,1000
5,1,Daily,1,Sometimes,Sometimes,2,2,Sometimes,Yes,2,More than twice,Less than 10  Liters,Yes,Yes,Yes,Yes,Driving more carefully,214
5,1,Daily,1,Sometimes,Sometimes,2,2,Frequently,Yes,2,Twice a week,Less than 10  Liters,Not sure,Yes,No,No,No change,242
5,1,Daily,3,Sometimes,Often,3,3,Rarely,Yes,2,Once a week,Less than 10  Liters,Not sure,Yes,Yes,Yes,No change,94
5,1,Daily,1,Sometimes,Sometimes,3,2,Sometimes,Yes,2,More than twice,Less than 10  Liters,Yes,Yes,Yes,Yes,Driving more carefully,207
5,1,Several times a week,2,Often,Often,3,2,Frequently,Yes,2,Once a week,Less than 10  Liters,Yes,Yes,No,Yes,"Reduced travel, Driving more carefully",59
1,1,Daily,2,Sometimes,Sometimes,3,2,Sometimes,No,2,Twice a week,10–20  Liters,No,Yes,Yes,No,No change,291
5,1,Daily,1,Sometimes,Sometimes,2,2,Sometimes,Yes,2,More than twice,Less than 10  Liters,Not sure,Yes,No,Yes,"Reduced travel, Driving more carefully",53
5,1,Several times a week,2,Sometimes,Sometimes,3,2,Sometimes,Yes,2,Once a week,Less than 10  Liters,Yes,No,No,Yes,Reduced travel,51
1,1,Several times a week,1,Sometimes,Never,1,2,Rarely,Yes,2,Once a week,10–20  Liters,Not sure,Yes,Yes,No,No change,254
5,1,Daily,2,Sometimes,Sometimes,3,2,Sometimes,Yes,2,Once a week,Less than 10  Liters,Yes,Yes,No,Yes,"Reduced travel, Driving more carefully",245
5,1,Several times a week,2,Sometimes,Sometimes,2,2,Sometimes,Yes,2,Twice a week,Less than 10  Liters,Not sure,Yes,Yes,Yes,"Reduced travel, Changed routes",229
5,1,Daily,1,Sometimes,Sometimes,2,2,Sometimes,Yes,2,Twice a week,Less than 10  Liters,Yes,Yes,No,Yes,Driving more carefully,109
5,1,Several times a week,2,Sometimes,Sometimes,2,2,Sometimes,No,2,More than twice,Less than 10  Liters,Not sure,Yes,Yes,Yes,"Reduced travel, Changed routes",238
5,1,Occasionally,1,Often,Sometimes,2,2,Sometimes,Yes,2,Once a week,Less than 10  Liters,Yes,Yes,Yes,Yes,Reduced travel,120
5,1,Several times a week,2,Sometimes,Often,2,3,Sometimes,Yes,2,More than twice,Less than 10  Liters,Not sure,Yes,No,No,No change,118
1,1,Daily,1,Sometimes,Sometimes,2,2,Rarely,Yes,2,Once a week,10–20  Liters,Yes,Yes,No,Yes,"Changed routes, Driving more carefully",152
3,1,Daily,2,Sometimes,Sometimes,2,1,Sometimes,Yes,2,More than twice,21–40  Liters,Yes,Yes,Yes,No,No change,394
5,1,Several times a week,1,Sometimes,Sometimes,1,1,Sometimes,No,2,Once a week,Less than 10  Liters,Yes,Yes,Yes,Yes,Reduced travel,139
2,2,Daily,2,Sometimes,Sometimes,1,2,Rarely,Yes,2,More than twice,41–60 Liters,Yes,Yes,Yes,No,No change,220
1,1,Several times a week,2,Sometimes,Sometimes,3,2,Rarely,Yes,2,Twice a week,10–20  Liters,No,Yes,No,Yes,Reduced travel,243
5,1,Daily,2,Sometimes,Sometimes,2,2,Sometimes,Yes,3,Once a week,Less than 10  Liters,Yes,Yes,Yes,No,Driving more carefully,76
5,1,Daily,3,Often,Often,2,3,Sometimes,Yes,1,Once a week,Less than 10  Liters,Not sure,Yes,Yes,Yes,Driving more carefully,500
5,1,Several times a week,2,Sometimes,Sometimes,2,2,Sometimes,No,1,Once a week,Less than 10  Liters,No,Yes,Yes,No,Reduced travel,242
1,1,Daily,1,Sometimes,Sometimes,1,2,Sometimes,Yes,2,More than twice,21–40  Liters,No,Yes,No,Yes,Changed routes,419
6,2,Several times a week,2,Sometimes,Sometimes,2,2,Frequently,No,2,Twice a week,More than 100 Liters,Not sure,Yes,No,No,"Reduced travel, Changed routes, Driving more carefully",980
5,1,Daily,2,Sometimes,Often,2,2,Frequently,No,2,Twice a week,Less than 10  Liters,Yes,Yes,No,Yes,Reduced travel,560
5,1,Several times a week,1,Often,Sometimes,2,2,Sometimes,Yes,2,Twice a week,Less than 10  Liters,Yes,Yes,Yes,Yes,Driving more carefully,700
1,1,Daily,1,Sometimes,Sometimes,2,2,Frequently,Yes,2,Once a week,10–20  Liters,Yes,Yes,Yes,No,Driving more carefully,167
5,1,Several times a week,2,Sometimes,Sometimes,3,2,Frequently,Yes,2,Once a week,Less than 10  Liters,Yes,Yes,Yes,Yes,Reduced travel,119
4,1,Daily,1,Sometimes,Sometimes,2,2,Frequently,No,1,Once a week,10–20  Liters,Yes,Yes,Yes,No,Driving more carefully,710
1,2,Several times a week,1,Sometimes,Sometimes,2,1,Rarely,Yes,2,Twice a week,10–20  Liters,Not sure,Yes,Yes,Yes,Reduced travel,280
5,1,Daily,1,Often,Sometimes,2,2,Frequently,Yes,2,Once a week,Less than 10  Liters,No,Yes,Yes,Yes,Driving more carefully,119
5,1,Several times a week,1,Sometimes,Sometimes,2,1,Sometimes,Yes,2,Once a week,Less than 10  Liters,Yes,Yes,Yes,Yes,Reduced travel,480
5,1,Daily,2,Sometimes,Sometimes,2,2,Frequently,Yes,2,Daily,Less than 10  Liters,Yes,Yes,No,Yes,No change,139
1,2,Daily,1,Never,Never,3,1,Sometimes,Yes,2,More than twice,10–20  Liters,Yes,Yes,Yes,Yes,Reduced travel,290
4,1,Daily,1,Never,Never,2,3,Frequently,Yes,2,Once a week,Less than 10 Liters,Yes,Yes,No,Yes,Reduced travel,280
1,2,Daily,1,Never,Sometimes,1,3,Frequently,Yes,2,Once a week,21–40 Liters,Yes,No,Yes,No,No change,385
1,1,Several times a week,2,Sometimes,Sometimes,3,3,Frequently,Yes,3,Twice a week,21–40 Liters,Yes,Yes,No,Yes,Reduced travel,410
4,1,Daily,1,Never,Never,1,1,Rarely,No,2,Twice a week,Less than 10 Liters,Yes,Yes,Yes,No,No change,150
5,1,Daily,2,Sometimes,Sometimes,2,2,Frequently,No,1,Twice a week,Less than 10 Liters,Yes,Yes,Yes,Yes,Reduced travel,600
1,1,Occasionally,3,Often,Often,2,3,Frequently,Yes,3,Once a week,Less than 10  Liters,Yes,Yes,No,Yes,Reduced travel,148
3,2,Daily,1,Sometimes,Never,1,1,Rarely,No,2,Twice a week,21–40 Liters,Yes,Yes,Yes,No,No change,310
6,2,Occasionally,3,Sometimes,Often,4,2,Sometimes,No,3,Once a week,61–80 Liters,Yes,Yes,No,Yes,Driving more carefully,320
1,1,Daily,3,Often,Often,2,3,Frequently,Yes,3,Twice a week,10–20 Liters,Yes,Yes,Yes,No,No change,309
1,1,Daily,3,Often,Often,4,1,Rarely,No,3,More than twice,Less than 10  Liters,Yes,Yes,No,Yes,Reduced travel,132
5,1,Several times a week,1,Never,Never,1,3,Frequently,Yes,1,Once a week,Less than 10 Liters,Yes,Yes,Yes,No,No change,111
2,2,Daily,2,Never,Sometimes,2,2,Sometimes,Yes,2,Twice a week,21–40 Liters,Yes,Yes,No,Yes,Reduced travel,145
1,2,Daily,1,Sometimes,Never,2,3,Frequently,Yes,2,Once a week,21–40 Liters,Yes,Yes,No,Yes,Reduced travel,488
4,1,Daily,3,Sometimes,Often,2,3,Frequently,Yes,3,Once a week,Less than 10 Liters,Yes,Yes,Yes,No,No change,287
5,1,Daily,3,Often,Sometimes,2,3,Frequently,Yes,2,More than twice,Less than 10  Liters,Yes,Yes,No,Yes,Reduced travel,520
1,1,Daily,3,Often,Often,4,2,Frequently,No,3,Twice a week,21–40 Liters,Yes,Yes,No,Yes,Reduced travel,321
3,2,Daily,2,Sometimes,Sometimes,2,3,Frequently,Yes,3,Once a week,21–40 Liters,Yes,Yes,Yes,Yes,Driving more carefully,431
1,1,Daily,2,Sometimes,Sometimes,4,2,Frequently,Yes,3,Twice a week,10–20 Liters,Yes,Yes,No,Yes,Reduced travel,241
2,2,Occasionally,3,Sometimes,Often,3,3,Frequently,Yes,3,Once a week,81–100 Liters,No,Yes,No,Yes,Reduced travel,375
5,1,Several times a week,2,Often,Sometimes,2,3,Frequently,Yes,1,Twice a week,Less than 10 Liters,Not sure,Yes,Yes,Yes,Changed routes,243
1,2,Several times a week,1,Never,Never,2,3,Frequently,Yes,2,Once a week,10–20 Liters,Yes,Yes,Yes,No,No change,212
4,1,Daily,2,Sometimes,Sometimes,2,1,Rarely,No,2,More than twice,10–20 Liters,Yes,Yes,No,Yes,Reduced travel,368
1,1,Several times a week,2,Sometimes,Sometimes,2,2,Sometimes,No,3,Once a week,Less than 10  Liters,Yes,Yes,No,Yes,Driving more carefully,172
5,1,Occasionally,2,Sometimes,Never,3,2,Frequently,No,1,Once a week,Less than 10  Liters,Yes,Yes,No,Yes,Reduced travel,75
5,1,Several times a week,1,Sometimes,Never,2,3,Frequently,Yes,1,Once a week,Less than 10 Liters,Yes,Yes,No,Yes,Driving more carefully,130
1,2,Daily,3,Often,Often,3,3,Frequently,Yes,3,More than twice,10–20 Liters,Yes,Yes,Yes,No,No change,120
4,1,Daily,2,Sometimes,Sometimes,3,2,Frequently,Yes,2,Twice a week,Less than 10 Liters,Yes,Yes,No,Yes,Reduced travel,257
1,2,Daily,2,Sometimes,Sometimes,2,2,Sometimes,Yes,3,Once a week,21–40 Liters,Yes,Yes,No,Yes,Driving more carefully,344
4,1,Daily,2,Never,Sometimes,3,2,Sometimes,Yes,2,Once a week,10–20 Liters,Yes,Yes,No,Yes,Reduced travel,436
1,1,Daily,2,Sometimes,Sometimes,3,2,Sometimes,Yes,3,Once a week,21–40 Liters,Yes,Yes,No,Yes,Changed routes,388
1,2,Daily,1,Never,Never,2,3,Frequently,Yes,2,Once a week,10–20 Liters,Yes,No,Yes,No,No change,255
1,1,Several times a week,2,Sometimes,Sometimes,4,2,Frequently,No,3,Twice a week,21–40 Liters,Yes,Yes,No,Yes,Driving more carefully,492
4,1,Daily,1,Never,Never,2,2,Sometimes,Yes,2,Once a week,Less than 10 Liters,Yes,Yes,No,Yes,Reduced travel,289
1,2,Several times a week,1,Never,Never,2,2,Sometimes,No,2,Twice a week,21–40 Liters,No,Yes,No,Yes,Reduced travel,375
1,2,Several times a week,3,Often,Often,2,3,Frequently,Yes,2,Once a week,10–20 Liters,Yes,Yes,Yes,No,No change,196
4,1,Daily,1,Never,Never,2,1,Rarely,No,2,Twice a week,10–20 Liters,Yes,Yes,Yes,No,No change,362
1,1,Daily,2,Sometimes,Sometimes,3,3,Frequently,Yes,3,Once a week,21–40 Liters,Yes,Yes,No,Yes,Reduced travel,362
4,1,Several times a week,2,Sometimes,Often,2,1,Rarely,No,2,Once a week,Less than 10 Liters,Yes,Yes,Yes,No,No change,88
5,1,Daily,2,Sometimes,Never,3,3,Frequently,Yes,1,Once a week,Less than 10 Liters,Yes,Yes,No,Yes,Reduced travel,185
4,1,Daily,2,Sometimes,Never,3,3,Frequently,Yes,2,Once a week,10–20 Liters,Not sure,Yes,No,Yes,Reduced travel,350
1,1,Daily,2,Sometimes,Never,2,3,Frequently,Yes,3,Twice a week,21–40 Liters,Yes,Yes,No,Yes,Reduced travel,282
5,1,Daily,2,Sometimes,Sometimes,2,3,Frequently,Yes,1,Once a week,Less than 10 Liters,No,Yes,Yes,No,No change,472
1,1,Several times a week,1,Never,Sometimes,2,3,Frequently,Yes,2,Once a week,21–40 Liters,Yes,Yes,Yes,No,No change,446
2,2,Several times a week,2,Sometimes,Sometimes,3,1,Rarely,No,3,Twice a week,61–80 Liters,Yes,Yes,No,Yes,Reduced travel,295
3,2,Several times a week,2,Sometimes,Sometimes,2,1,Rarely,No,2,Once a week,21–40 Liters,Yes,Yes,Yes,No,No change,421
2,2,Several times a week,3,Often,Often,3,2,Sometimes,Yes,3,Twice a week,81–100 Liters,Yes,No,Yes,No,No change,330
4,1,Daily,3,Often,Often,4,2,Sometimes,Yes,3,More than twice,Less than 10 Liters,Yes,Yes,No,Yes,Reduced travel,143
4,1,Daily,1,Never,Never,3,1,Rarely,No,2,Twice a week,10–20 Liters,Yes,Yes,No,Yes,Reduced travel,420
1,2,Occasionally,2,Sometimes,Sometimes,3,3,Frequently,Yes,2,Once a week,10–20 Liters,Yes,Yes,Yes,Yes,Reduced travel,288
1,1,Daily,2,Sometimes,Sometimes,3,3,Frequently,Yes,3,Twice a week,21–40 Liters,Not sure,Yes,No,Yes,Changed routes,462
5,1,Daily,2,Sometimes,Often,3,1,Rarely,No,1,Once a week,Less than 10 Liters,Yes,Yes,Yes,Yes,Changed routes,112
4,1,Occasionally,2,Sometimes,Never,2,2,Sometimes,Yes,2,Once a week,Less than 10 Liters,Not sure,Yes,No,Yes,Driving more carefully,226
2,2,Daily,1,Sometimes,Never,2,3,Frequently,Yes,3,Twice a week,21–40 Liters,Yes,Yes,Yes,No,No change,145
1,2,Several times a week,2,Sometimes,Sometimes,2,3,Frequently,Yes,3,Once a week,21–40 Liters,Yes,Yes,No,Yes,Reduced travel,392
3,2,Daily,2,Sometimes,Sometimes,2,3,Frequently,Yes,3,Twice a week,41–60 Liters,Yes,Yes,No,Yes,Driving more carefully,560
1,2,Daily,3,Often,Often,3,2,Sometimes,Yes,3,More than twice,10–20 Liters,Yes,Yes,No,Yes,Driving more carefully,266
2,2,Several times a week,2,Sometimes,Sometimes,4,2,Sometimes,Yes,3,Twice a week,61–80 Liters,No,Yes,No,Yes,Reduced travel,310
5,1,Daily,3,Often,Often,3,2,Sometimes,No,2,Once a week,Less than 10 Liters,Yes,Yes,Yes,No,No change,348
2,2,Daily,1,Never,Never,1,3,Frequently,Yes,3,Twice a week,81–100 Liters,Yes,Yes,No,Yes,Reduced travel,395
4,1,Several times a week,3,Often,Sometimes,4,2,Frequently,No,3,Twice a week,10–20 Liters,Yes,Yes,No,Yes,Changed routes,453
1,1,Occasionally,2,Sometimes,Sometimes,3,3,Frequently,Yes,3,Once a week,Less than 10  Liters,Yes,Yes,No,Yes,Changed routes,134
5,1,Several times a week,1,Never,Never,3,3,Frequently,Yes,1,Once a week,Less than 10 Liters,Yes,Yes,No,Yes,Reduced travel,202
4,1,Occasionally,1,Sometimes,Never,2,1,Rarely,No,2,Once a week,Less than 10 Liters,Yes,Yes,Yes,Yes,Driving more carefully,182
4,1,Daily,3,Sometimes,Often,3,2,Sometimes,No,3,Twice a week,Less than 10 Liters,Yes,Yes,No,Yes,Reduced travel,121
4,1,Daily,1,Sometimes,Never,2,2,Sometimes,Yes,2,More than twice,10–20 Liters,Yes,No,Yes,No,No change,349
1,1,Daily,2,Never,Sometimes,3,3,Frequently,Yes,3,Twice a week,21–40 Liters,Yes,Yes,No,Yes,Changed routes,350
4,1,Several times a week,2,Sometimes,Sometimes,2,3,Frequently,Yes,2,Once a week,10–20 Liters,Yes,Yes,Yes,No,No change,381
4,1,Daily,1,Never,Sometimes,2,3,Frequently,Yes,2,Once a week,10–20 Liters,Yes,Yes,No,Yes,Changed routes,421
1,1,Occasionally,1,Sometimes,Sometimes,2,3,Frequently,Yes,2,Once a week,10–20 Liters,Yes,Yes,No,Yes,Changed routes,190
1,1,Daily,2,Sometimes,Sometimes,3,3,Frequently,Yes,3,Once a week,10–20 Liters,Yes,Yes,Yes,No,No change,284
5,1,Daily,1,Sometimes,Sometimes,2,2,Sometimes,No,1,Once a week,Less than 10 Liters,Yes,Yes,Yes,No,No change,54
4,1,Several times a week,3,Often,Often,3,2,Sometimes,Yes,3,More than twice,10–20 Liters,Yes,Yes,No,Yes,Driving more carefully,425
5,1,Daily,2,Sometimes,Often,2,2,Sometimes,Yes,1,Once a week,Less than 10 Liters,Yes,Yes,Yes,Yes,Driving more carefully,280
1,1,Daily,1,Sometimes,Never,1,3,Frequently,Yes,2,Once a week,21–40 Liters,Not sure,Yes,No,Yes,Reduced travel,394
1,1,Daily,2,Never,Never,3,2,Sometimes,Yes,3,Twice a week,10–20 Liters,Yes,Yes,Yes,No,No change,253
5,1,Daily,1,Never,Sometimes,1,3,Frequently,Yes,1,Twice a week,Less than 10  Liters,Yes,No,Yes,Yes,Changed routes,228
1,2,Daily,3,Sometimes,Sometimes,4,1,Rarely,No,3,Twice a week,21–40 Liters,Yes,Yes,No,Yes,Reduced travel,443
2,2,Daily,1,Sometimes,Sometimes,2,3,Frequently,Yes,3,Once a week,61–80 Liters,Yes,Yes,No,Yes,Reduced travel,312
2,2,Daily,1,Never,Never,2,2,Frequently,Yes,3,Once a week,61–80 Liters,Yes,Yes,No,Yes,Driving more carefully,296
3,2,Daily,2,Never,Sometimes,3,3,Frequently,Yes,3,Twice a week,41–60 Liters,Not sure,Yes,No,Yes,Reduced travel,512
3,1,Daily,1,Never,Sometimes,2,3,Frequently,Yes,3,Twice a week,41–60 Liters,Yes,No,Yes,No,No change,532
4,1,Daily,1,Sometimes,Sometimes,1,2,Frequently,Yes,2,Once a week,10–20 Liters,No,Yes,No,Yes,Reduced travel,378
4,1,Daily,2,Sometimes,Sometimes,2,2,Frequently,No,2,Once a week,10–20 Liters,Yes,Yes,No,Yes,Changed routes,395
1,2,Daily,2,Sometimes,Sometimes,2,2,Sometimes,No,3,Twice a week,21–40 Liters,Yes,Yes,No,Yes,Reduced travel,294
1,1,Daily,1,Never,Never,2,2,Sometimes,No,2,Twice a week,21–40 Liters,Yes,Yes,No,Yes,Reduced travel,412
1,2,Several times a week,2,Sometimes,Sometimes,3,1,Rarely,No,1,Once a week,10–20 Liters,Yes,Yes,Yes,No,No change,274
5,1,Daily,2,Sometimes,Sometimes,3,2,Sometimes,Yes,1,Once a week,Less than 10 Liters,Yes,Yes,Yes,No,No change,213
1,2,Several times a week,2,Sometimes,Never,2,3,Frequently,Yes,3,Twice a week,21–40 Liters,Yes,Yes,No,Yes,Changed routes,348
5,1,Daily,3,Often,Often,2,3,Frequently,Yes,2,Once a week,Less than 10 Liters,Yes,Yes,Yes,No,No change,90
1,1,Daily,2,Never,Sometimes,2,3,Frequently,Yes,3,Twice a week,Less than 10  Liters,Yes,Yes,No,Yes,Reduced travel,110
5,1,Several times a week,2,Sometimes,Sometimes,2,2,Sometimes,Yes,1,Twice a week,Less than 10 Liters,Yes,Yes,Yes,Yes,Reduced travel,205
1,1,Daily,1,Never,Never,2,2,Sometimes,No,2,Once a week,21–40 Liters,Yes,Yes,Yes,No,No change,357
4,1,Occasionally,3,Often,Often,3,2,Frequently,No,3,Once a week,10–20 Liters,Yes,Yes,No,Yes,Reduced travel,498
5,1,Several times a week,2,Sometimes,Sometimes,3,2,Sometimes,Yes,1,Once a week,Less than 10 Liters,Yes,Yes,No,Yes,Reduced travel,111
1,1,Daily,2,Never,Sometimes,3,3,Frequently,Yes,3,Once a week,10–20 Liters,Yes,Yes,Yes,No,No change,181
1,2,Several times a week,2,Sometimes,Sometimes,3,3,Frequently,Yes,2,Once a week,10–20 Liters,Yes,Yes,Yes,No,No change,227
3,1,Several times a week,2,Sometimes,Sometimes,2,3,Frequently,Yes,3,Once a week,41–60 Liters,Yes,Yes,No,Yes,Driving more carefully,710
5,1,Several times a week,1,Never,Never,2,2,Sometimes,No,1,Once a week,Less than 10  Liters,Yes,Yes,No,Yes,Reduced travel,93
1,2,Daily,2,Sometimes,Never,2,2,Sometimes,No,1,Once a week,10–20 Liters,Not sure,Yes,Yes,No,No change,297
5,1,Daily,1,Sometimes,Never,1,3,Frequently,Yes,1,Once a week,Less than 10 Liters,Yes,Yes,No,Yes,Reduced travel,210
4,1,Daily,1,Never,Never,1,2,Frequently,Yes,2,More than twice,Less than 10 Liters,Yes,Yes,No,Yes,Reduced travel,320
1,1,Daily,1,Never,Never,1,3,Frequently,Yes,2,Twice a week,10–20 Liters,Yes,No,Yes,No,No change,230
1,1,Daily,3,Often,Sometimes,4,2,Frequently,No,3,Twice a week,21–40 Liters,Yes,Yes,No,Yes,Driving more carefully,421
1,2,Daily,2,Sometimes,Sometimes,2,3,Frequently,Yes,2,Once a week,10–20 Liters,Yes,Yes,Yes,Yes,Driving more carefully,167
3,2,Daily,1,Sometimes,Never,2,3,Frequently,Yes,3,Once a week,41–60 Liters,Yes,Yes,No,Yes,Driving more carefully,567
4,1,Several times a week,2,Often,Sometimes,3,3,Frequently,Yes,2,Twice a week,10–20 Liters,Yes,Yes,No,Yes,Driving more carefully,413
3,1,Daily,2,Sometimes,Sometimes,3,3,Frequently,Yes,3,Once a week,21–40 Liters,No,Yes,No,Yes,Reduced travel,435
2,2,Daily,2,Sometimes,Sometimes,3,3,Frequently,Yes,3,Twice a week,21–40 Liters,Yes,Yes,Yes,No,No change,125
1,1,Daily,2,Sometimes,Often,2,3,Frequently,Yes,3,Twice a week,21–40 Liters,Yes,Yes,Yes,Yes,Driving more carefully,283
2,2,Daily,2,Sometimes,Sometimes,3,3,Frequently,Yes,3,More than twice,81–100 Liters,Yes,Yes,No,Yes,Driving more carefully,368
2,2,Several times a week,2,Never,Sometimes,3,2,Sometimes,Yes,3,Twice a week,61–80 Liters,No,Yes,No,Yes,Driving more carefully,268
4,1,Several times a week,2,Never,Sometimes,2,3,Frequently,Yes,2,Twice a week,Less than 10 Liters,Yes,Yes,No,Yes,Changed routes,200
1,1,Occasionally,2,Sometimes,Sometimes,3,1,Rarely,No,3,Once a week,Less than 10  Liters,Yes,Yes,No,Yes,Changed routes,145
1,2,Several times a week,2,Sometimes,Often,3,3,Frequently,Yes,2,Once a week,10–20 Liters,Yes,Yes,Yes,No,No change,293
4,1,Daily,3,Often,Often,3,3,Frequently,Yes,3,Once a week,10–20 Liters,Yes,Yes,No,Yes,Reduced travel,374
5,1,Daily,2,Sometimes,Sometimes,3,2,Frequently,Yes,1,Twice a week,Less than 10 Liters,Yes,Yes,No,Yes,Reduced travel,124
4,1,Daily,2,Sometimes,Often,3,3,Frequently,Yes,2,Once a week,10–20 Liters,Yes,Yes,No,Yes,Reduced travel,395
1,2,Daily,2,Sometimes,Sometimes,4,1,Rarely,No,3,Twice a week,21–40 Liters,Yes,Yes,Yes,No,No change,363
1,1,Daily,2,Sometimes,Sometimes,2,2,Sometimes,Yes,3,Once a week,21–40 Liters,Yes,Yes,No,Yes,Reduced travel,338
5,1,Daily,3,Often,Often,3,2,Frequently,No,2,Twice a week,Less than 10 Liters,Yes,Yes,No,Yes,Changed routes,82
5,1,Daily,2,Sometimes,Sometimes,3,1,Rarely,No,1,Twice a week,Less than 10 Liters,Yes,No,Yes,No,No change,178
1,2,Daily,2,Sometimes,Often,3,2,Sometimes,Yes,1,Once a week,10–20 Liters,Yes,Yes,Yes,No,No change,182
4,1,Daily,2,Sometimes,Sometimes,2,3,Frequently,Yes,2,Once a week,Less than 10 Liters,Yes,Yes,No,Yes,Reduced travel,240
5,1,Daily,2,Often,Sometimes,3,3,Frequently,Yes,1,Once a week,Less than 10 Liters,Yes,No,Yes,No,No change,220
5,1,Daily,2,Sometimes,Sometimes,3,3,Frequently,Yes,1,Once a week,Less than 10 Liters,Yes,Yes,No,Yes,Reduced travel,450
1,1,Daily,2,Sometimes,Sometimes,2,3,Frequently,Yes,3,Once a week,21–40 Liters,Yes,Yes,No,Yes,Changed routes,284
3,1,Daily,3,Often,Often,2,3,Frequently,Yes,3,Twice a week,41–60 Liters,Yes,Yes,No,Yes,Reduced travel,520
3,1,Occasionally,1,Never,Never,2,2,Sometimes,No,2,Once a week,41–60 Liters,Yes,Yes,No,Yes,Changed routes,512
1,2,Several times a week,3,Often,Often,3,3,Frequently,Yes,2,Once a week,10–20 Liters,Yes,Yes,Yes,No,No change,245
3,2,Daily,1,Never,Never,1,3,Frequently,Yes,3,Twice a week,41–60 Liters,Yes,Yes,No,Yes,Changed routes,612
1,2,Daily,2,Often,Sometimes,2,3,Frequently,Yes,2,Once a week,10–20 Liters,Not sure,Yes,Yes,No,No change,189
5,1,Daily,2,Sometimes,Sometimes,2,3,Frequently,Yes,1,Twice a week,Less than 10 Liters,Yes,Yes,No,Yes,Reduced travel,96
2,2,Occasionally,3,Often,Often,3,2,Sometimes,No,3,Once a week,61–80 Liters,Not sure,Yes,No,Yes,Reduced travel,310
5,1,Several times a week,2,Sometimes,Never,2,2,Sometimes,Yes,1,Twice a week,Less than 10 Liters,Yes,Yes,Yes,No,No change,236
5,1,Several times a week,2,Never,Sometimes,2,1,Rarely,No,1,Once a week,Less than 10 Liters,Yes,Yes,No,Yes,Driving more carefully,320
1,2,Daily,2,Sometimes,Never,2,2,Sometimes,Yes,3,Twice a week,Less than 10  Liters,Yes,Yes,No,Yes,Driving more carefully,139
1,2,Daily,1,Never,Never,2,2,Sometimes,Yes,2,Twice a week,21–40 Liters,Yes,Yes,No,Yes,Driving more carefully,351
1,1,Several times a week,1,Never,Never,2,2,Sometimes,Yes,2,Twice a week,21–40 Liters,Yes,Yes,No,Yes,Reduced travel,399
3,2,Daily,2,Sometimes,Never,3,3,Frequently,Yes,3,Once a week,41–60 Liters,Yes,Yes,No,Yes,Reduced travel,530
1,1,Daily,3,Often,Sometimes,5,1,Rarely,No,3,Twice a week,21–40 Liters,Yes,No,Yes,No,No change,490
1,2,Daily,3,Often,Often,2,3,Frequently,Yes,2,Twice a week,10–20 Liters,Yes,Yes,Yes,No,No change,310
3,2,Daily,1,Never,Never,2,2,Sometimes,No,2,Once a week,21–40 Liters,Yes,Yes,No,Yes,Reduced travel,406
5,1,Daily,2,Sometimes,Never,2,1,Rarely,No,1,Twice a week,Less than 10 Liters,Yes,Yes,No,Yes,Reduced travel,200
1,1,Several times a week,1,Never,Never,2,3,Frequently,Yes,2,Twice a week,21–40 Liters,Yes,Yes,No,Yes,Reduced travel,344
4,1,Daily,2,Never,Often,3,3,Frequently,Yes,2,Once a week,10–20 Liters,Yes,No,Yes,No,No change,384
4,1,Several times a week,2,Sometimes,Never,2,3,Frequently,Yes,2,Twice a week,10–20 Liters,Yes,Yes,No,Yes,Driving more carefully,467
3,2,Daily,1,Never,Never,2,3,Frequently,Yes,3,Once a week,41–60 Liters,Yes,Yes,No,Yes,Reduced travel,474
4,1,Daily,3,Sometimes,Often,4,2,Sometimes,No,3,More than twice,10–20 Liters,Yes,Yes,No,Yes,Reduced travel,436
2,2,Daily,2,Sometimes,Often,3,3,Frequently,Yes,3,Twice a week,21–40 Liters,Yes,Yes,No,Yes,Reduced travel,142
1,2,Daily,2,Often,Sometimes,3,2,Sometimes,Yes,1,More than twice,10–20 Liters,Yes,Yes,Yes,Yes,Reduced travel,216
1,2,Daily,2,Sometimes,Sometimes,3,3,Frequently,Yes,2,Once a week,10–20 Liters,Yes,Yes,Yes,Yes,Driving more carefully,269
2,2,Occasionally,2,Sometimes,Never,2,3,Frequently,Yes,3,Once a week,61–80 Liters,Yes,Yes,No,Yes,Reduced travel,302
5,1,Daily,2,Never,Sometimes,2,3,Frequently,Yes,1,Twice a week,Less than 10 Liters,Yes,Yes,Yes,No,No change,120
1,1,Daily,3,Sometimes,Often,2,3,Frequently,Yes,3,Once a week,Less than 10  Liters,Yes,Yes,No,Yes,Reduced travel,150
3,2,Daily,2,Sometimes,Sometimes,3,3,Frequently,Yes,3,Twice a week,21–40 Liters,Yes,Yes,No,Yes,Changed routes,426
1,1,Daily,1,Never,Never,2,2,Frequently,Yes,2,Once a week,Less than 10  Liters,Yes,Yes,No,Yes,Reduced travel,124
5,1,Several times a week,2,Never,Never,2,3,Frequently,Yes,1,Once a week,Less than 10 Liters,Not sure,Yes,No,Yes,Reduced travel,250
5,1,Several times a week,2,Never,Sometimes,2,3,Frequently,Yes,1,Twice a week,Less than 10 Liters,Yes,Yes,Yes,No,No change,103
4,1,Daily,3,Sometimes,Often,5,2,Frequently,No,3,Twice a week,10–20 Liters,Yes,Yes,No,Yes,Reduced travel,452
1,2,Daily,2,Sometimes,Never,3,3,Frequently,Yes,2,Once a week,21–40 Liters,Yes,Yes,No,Yes,Changed routes,308
1,1,Daily,2,Sometimes,Sometimes,2,2,Sometimes,Yes,3,Once a week,21–40 Liters,Yes,Yes,No,Yes,Reduced travel,373
1,1,Daily,1,Sometimes,Sometimes,3,2,Sometimes,Yes,2,Once a week,10–20 Liters,Yes,Yes,Yes,No,No change,247
1,1,Daily,1,Never,Never,2,2,Sometimes,Yes,2,Once a week,Less than 10  Liters,Yes,Yes,No,Yes,Reduced travel,136
1,2,Several times a week,3,Sometimes,Often,5,2,Sometimes,No,1,Once a week,21–40 Liters,Yes,Yes,No,Yes,Reduced travel,468
1,2,Daily,1,Never,Never,2,3,Frequently,Yes,2,More than twice,10–20 Liters,Yes,Yes,Yes,No,No change,294
1,2,Several times a week,2,Sometimes,Sometimes,3,2,Sometimes,No,3,Once a week,21–40 Liters,Not sure,Yes,No,Yes,Reduced travel,391
5,1,Daily,2,Sometimes,Sometimes,3,2,Sometimes,Yes,1,Twice a week,Less than 10 Liters,Yes,Yes,Yes,No,No change,122
4,1,Daily,2,Often,Sometimes,2,2,Sometimes,Yes,2,Twice a week,10–20 Liters,Yes,Yes,No,Yes,Reduced travel,360
3,1,Daily,1,Never,Sometimes,1,3,Frequently,Yes,3,Once a week,21–40 Liters,Yes,Yes,No,Yes,Reduced travel,430
1,2,Daily,2,Sometimes,Never,3,3,Frequently,Yes,3,Once a week,21–40 Liters,Not sure,Yes,Yes,Yes,Changed routes,337
6,2,Daily,1,Never,Never,1,3,Frequently,Yes,3,Twice a week,More than 100 Liters,Yes,Yes,Yes,No,No change,800
5,1,Daily,1,Sometimes,Never,2,2,Sometimes,No,1,Twice a week,Less than 10 Liters,Yes,Yes,Yes,No,No change,220
5,1,Daily,2,Sometimes,Sometimes,3,1,Rarely,No,1,Once a week,Less than 10 Liters,Yes,Yes,No,Yes,Reduced travel,65
1,1,Daily,1,Never,Never,2,3,Frequently,Yes,2,Once a week,Less than 10  Liters,Yes,Yes,No,Yes,Reduced travel,144
1,1,Daily,2,Often,Sometimes,3,3,Frequently,Yes,3,Twice a week,21–40 Liters,Yes,Yes,Yes,No,No change,250
1,1,Daily,1,Never,Never,2,2,Sometimes,Yes,2,Twice a week,21–40 Liters,Yes,Yes,Yes,No,No change,290
3,2,Daily,2,Sometimes,Sometimes,4,2,Sometimes,No,2,More than twice,41–60 Liters,Yes,Yes,No,Yes,Driving more carefully,615
3,1,Several times a week,2,Sometimes,Never,2,2,Sometimes,Yes,2,Twice a week,21–40 Liters,Yes,Yes,Yes,No,No change,435
5,1,Occasionally,2,Never,Often,3,3,Frequently,Yes,1,Once a week,10–20 Liters,No,Yes,No,Yes,Reduced travel,178
4,1,Several times a week,2,Sometimes,Sometimes,3,2,Sometimes,Yes,2,Twice a week,10–20 Liters,Yes,Yes,Yes,No,No change,426
1,2,Daily,1,Sometimes,Never,2,2,Sometimes,Yes,1,Twice a week,10–20 Liters,Yes,Yes,Yes,No,No change,199
1,2,Daily,2,Sometimes,Sometimes,2,3,Frequently,Yes,2,Once a week,10–20 Liters,Yes,Yes,Yes,Yes,Driving more carefully,189
1,1,Occasionally,1,Never,Never,2,2,Frequently,Yes,2,Once a week,21–40 Liters,Yes,Yes,No,Yes,Reduced travel,325
1,1,Daily,1,Never,Never,1,2,Sometimes,Yes,2,Once a week,21–40 Liters,Yes,Yes,No,Yes,Reduced travel,297
1,1,Daily,2,Never,Sometimes,3,1,Rarely,No,3,Twice a week,21–40 Liters,Yes,No,Yes,Yes,Changed routes,301
1,2,Daily,2,Sometimes,Sometimes,3,3,Frequently,Yes,3,Once a week,Less than 10  Liters,Yes,Yes,No,Yes,Reduced travel,150
1,2,Daily,1,Never,Never,2,3,Frequently,Yes,2,Twice a week,10–20 Liters,Yes,Yes,Yes,No,No change,260
1,1,Daily,2,Sometimes,Never,3,3,Frequently,Yes,3,Once a week,21–40 Liters,Yes,Yes,No,Yes,Driving more carefully,429
6,2,Daily,3,Often,Often,2,3,Frequently,Yes,3,Twice a week,81–100 Liters,Yes,Yes,No,Yes,Reduced travel,750
1,1,Several times a week,2,Sometimes,Sometimes,3,3,Frequently,Yes,3,Twice a week,10–20 Liters,Yes,Yes,Yes,No,No change,103
3,1,Several times a week,2,Sometimes,Sometimes,3,3,Frequently,Yes,3,Twice a week,21–40 Liters,Yes,Yes,Yes,Yes,Changed routes,446
2,2,Daily,2,Sometimes,Sometimes,2,3,Frequently,Yes,3,Once a week,81–100 Liters,Not sure,Yes,No,Yes,Changed routes,403
4,1,Daily,1,Sometimes,Never,2,3,Frequently,Yes,2,Twice a week,Less than 10 Liters,Yes,Yes,No,Yes,Reduced travel,182
1,1,Daily,2,Sometimes,Sometimes,2,1,Rarely,No,3,Twice a week,21–40 Liters,Yes,Yes,Yes,No,No change,352
1,1,Daily,1,Sometimes,Sometimes,2,3,Frequently,Yes,2,Once a week,21–40 Liters,Yes,Yes,No,Yes,Reduced travel,367
1,1,Daily,3,Sometimes,Often,2,3,Frequently,Yes,3,Once a week,10–20 Liters,Yes,Yes,Yes,No,No change,251
3,1,Daily,2,Sometimes,Sometimes,3,2,Sometimes,No,2,More than twice,21–40 Liters,Yes,Yes,Yes,No,No change,356
1,1,Several times a week,3,Often,Sometimes,2,3,Frequently,Yes,3,Once a week,21–40 Liters,Yes,Yes,No,Yes,Reduced travel,383
2,2,Daily,3,Often,Often,4,2,Frequently,Yes,3,Once a week,21–40 Liters,Yes,Yes,No,Yes,Reduced travel,132
3,1,Daily,2,Sometimes,Sometimes,3,2,Sometimes,Yes,2,Twice a week,21–40 Liters,Yes,Yes,Yes,No,No change,389
1,1,Daily,1,Never,Never,3,2,Sometimes,No,2,Once a week,21–40  Liters,Yes,Yes,Yes,No,No change,279
1,2,Several times a week,2,Sometimes,Sometimes,4,1,Rarely,No,2,Once a week,Less than 10  Liters,Yes,Yes,No,Yes,Driving more carefully,92
3,1,Daily,3,Often,Often,2,3,Frequently,Yes,3,More than twice,Less than 10  Liters,Yes,Yes,No,Yes,Reduced travel,112
4,1,Daily,1,Never,Sometimes,1,3,Frequently,Yes,3,Twice a week,10–20  Liters,Yes,Yes,No,Yes,Changed routes,421
5,1,Several times a week,2,Sometimes,Never,3,2,Sometimes,No,1,Once a week,Less than 10  Liters,Yes,Yes,Yes,No,No change,136
1,2,Daily,1,Never,Never,2,3,Frequently,Yes,1,Once a week,10–20  Liters,Yes,Yes,Yes,Yes,Driving more carefully,271
1,1,Daily,2,Sometimes,Sometimes,3,2,Sometimes,Yes,2,Twice a week,21–40  Liters,Yes,Yes,Yes,No,No change,397
2,2,Daily,2,Sometimes,Often,2,3,Frequently,Yes,3,More than twice,61–80 Liters,Yes,Yes,No,Yes,Reduced travel,256
3,2,Several times a week,1,Never,Never,3,2,Sometimes,No,2,Once a week,41–60 Liters,Not sure,Yes,Yes,Yes,Driving more carefully,521
1,1,Occasionally,3,Often,Often,4,1,Rarely,No,3,Once a week,Less than 10  Liters,Yes,Yes,No,Yes,Reduced travel,123
5,1,Daily,2,Sometimes,Sometimes,2,3,Frequently,Yes,2,Twice a week,Less than 10  Liters,Yes,Yes,No,Yes,Changed routes,105
4,1,Daily,1,Never,Never,1,3,Frequently,Yes,2,Twice a week,10–20  Liters,Yes,Yes,Yes,No,No change,367
1,2,Several times a week,1,Never,Never,3,1,Rarely,No,1,Once a week,10–20  Liters,Yes,Yes,Yes,Yes,Driving more carefully,297
1,1,Daily,3,Often,Sometimes,2,3,Frequently,Yes,3,Twice a week,10–20  Liters,Yes,Yes,No,Yes,Reduced travel,239
3,1,Daily,2,Sometimes,Sometimes,3,2,Sometimes,Yes,3,Twice a week,21–40 Liters,Yes,Yes,No,Yes,Reduced travel,263
1,2,Daily,1,Never,Never,4,2,Sometimes,No,2,Once a week,Less than 10  Liters,Yes,Yes,Yes,No,No change,127
5,1,Occasionally,3,Often,Often,5,1,Rarely,No,3,Once a week,Less than 10  Liters,Yes,Yes,No,Yes,Reduced travel,201
4,1,Daily,2,Sometimes,Sometimes,2,3,Frequently,Yes,3,More than twice,10–20  Liters,Not sure,Yes,No,Yes,Changed routes,428
1,2,Daily,1,Never,Never,2,2,Sometimes,Yes,1,Once a week,Less than 10  Liters,Yes,Yes,Yes,No,No change,179
2,2,Several times a week,2,Sometimes,Sometimes,3,3,Frequently,Yes,3,Twice a week,81–100 Liters,Yes,Yes,No,Yes,Reduced travel,510
1,1,Daily,2,Sometimes,Never,3,2,Sometimes,No,2,Once a week,21–40  Liters,Yes,Yes,Yes,No,No change,382
1,1,Several times a week,1,Never,Never,4,1,Rarely,No,2,Once a week,21–40  Liters,Yes,Yes,No,Yes,Driving more carefully,383
3,2,Daily,3,Often,Often,2,3,Frequently,Yes,3,More than twice,21–40 Liters,Yes,Yes,No,Yes,Reduced travel,461
5,1,Daily,1,Never,Sometimes,2,2,Sometimes,Yes,1,Once a week,Less than 10  Liters,Yes,Yes,Yes,No,No change,219
1,2,Occasionally,1,Never,Never,3,1,Rarely,No,1,Once a week,10–20  Liters,Yes,Yes,Yes,Yes,Driving more carefully,259
1,1,Daily,2,Sometimes,Sometimes,2,3,Frequently,Yes,3,Twice a week,Less than 10  Liters,Yes,Yes,No,Yes,Changed routes,158
4,1,Several times a week,2,Sometimes,Never,1,2,Sometimes,Yes,2,Once a week,10–20  Liters,Not sure,Yes,Yes,No,No change,650
1,2,Daily,1,Never,Never,4,2,Sometimes,No,2,Once a week,10–20  Liters,Yes,Yes,No,Yes,Driving more carefully,172
3,1,Daily,3,Often,Often,3,3,Frequently,Yes,3,More than twice,21–40 Liters,Yes,Yes,No,Yes,Reduced travel,369
5,1,Daily,2,Sometimes,Sometimes,3,2,Sometimes,No,2,Once a week,Less than 10  Liters,Yes,Yes,Yes,No,No change,94
1,2,Daily,1,Never,Never,2,3,Frequently,Yes,1,Once a week,10–20  Liters,Yes,Yes,Yes,Yes,Driving more carefully,246
1,1,Several times a week,3,Often,Often,4,1,Rarely,No,3,Once a week,Less than 10  Liters,Yes,Yes,No,Yes,Reduced travel,110
2,2,Daily,2,Sometimes,Sometimes,2,3,Frequently,Yes,3,More than twice,81–100 Liters,Yes,Yes,No,Yes,Reduced travel,560
4,1,Daily,1,Never,Never,1,3,Frequently,Yes,2,Twice a week,Less than 10 Liters,Yes,Yes,No,Yes,Changed routes,148
1,1,Daily,2,Sometimes,Sometimes,3,2,Sometimes,Yes,2,Once a week,21–40  Liters,Yes,Yes,Yes,No,No change,385
1,2,Several times a week,1,Never,Never,4,1,Rarely,No,2,Once a week,Less than 10  Liters,Yes,Yes,No,Yes,Driving more carefully,101
3,1,Daily,3,Often,Often,2,3,Frequently,Yes,3,Twice a week,41–60 Liters,Yes,Yes,No,Yes,Reduced travel,519
5,1,Occasionally,1,Never,Never,3,2,Sometimes,No,1,Once a week,Less than 10  Liters,No,Yes,Yes,No,No change,125
1,2,Daily,1,Never,Never,2,2,Sometimes,Yes,1,Once a week,10–20  Liters,Yes,Yes,Yes,No,No change,290
1,1,Daily,2,Sometimes,Often,2,3,Frequently,Yes,3,Twice a week,10–20  Liters,Yes,Yes,No,Yes,Changed routes,277
4,1,Daily,2,Sometimes,Sometimes,1,3,Frequently,Yes,3,Twice a week,10–20  Liters,Yes,Yes,No,Yes,Reduced travel,410
1,2,Several times a week,1,Never,Never,4,2,Sometimes,No,2,Once a week,Less than 10  Liters,Yes,Yes,Yes,No,No change,111
3,2,Daily,3,Often,Often,3,3,Frequently,Yes,3,More than twice,21–40 Liters,Yes,Yes,No,Yes,Reduced travel,398
5,1,Daily,2,Sometimes,Never,2,2,Sometimes,No,2,Once a week,Less than 10  Liters,Yes,Yes,Yes,No,No change,131
1,2,Several times a week,1,Never,Never,3,1,Rarely,No,1,Once a week,10–20  Liters,Yes,Yes,Yes,Yes,Driving more carefully,192
1,1,Daily,3,Often,Sometimes,2,3,Frequently,Yes,3,Twice a week,10–20  Liters,Yes,Yes,No,Yes,Reduced travel,300
4,1,Daily,1,Never,Never,1,3,Frequently,Yes,2,Twice a week,Less than 10 Liters,Yes,Yes,Yes,No,No change,305
1,2,Daily,2,Sometimes,Sometimes,4,2,Sometimes,No,2,Once a week,Less than 10  Liters,Yes,Yes,No,Yes,Driving more carefully,122
3,1,Several times a week,3,Often,Often,3,3,Frequently,Yes,3,Twice a week,41–60 Liters,Yes,Yes,No,Yes,Reduced travel,552
5,1,Daily,1,Never,Sometimes,2,2,Sometimes,Yes,1,Once a week,Less than 10  Liters,Not sure,Yes,Yes,No,No change,100
1,1,Daily,2,Sometimes,Sometimes,3,3,Frequently,Yes,3,Once a week,21–40 Liters,Yes,Yes,No,Yes,Reduced travel,362
5,1,Daily,2,Sometimes,Sometimes,3,1,Rarely,No,1,Twice a week,Less than 10 Liters,Yes,No,Yes,No,No change,521
5,1,Daily,2,Sometimes,Sometimes,3,2,Sometimes,Yes,1,Twice a week,Less than 10 Liters,Yes,Yes,Yes,No,No change,122
1,1,Daily,2,Never,Sometimes,3,3,Frequently,Yes,3,Twice a week,21–40 Liters,Yes,Yes,No,Yes,Changed routes,482
5,1,Several times a week,2,Sometimes,Never,3,2,Sometimes,No,1,Once a week,Less than 10  Liters,Yes,Yes,Yes,No,No change,136
1,1,Daily,2,Sometimes,Never,2,3,Frequently,Yes,3,Twice a week,21–40 Liters,Yes,Yes,No,Yes,Reduced travel,423
1,2,Daily,2,Sometimes,Sometimes,4,1,Rarely,No,3,Twice a week,21–40 Liters,Yes,Yes,Yes,No,No change,397
1,1,Daily,3,Sometimes,Often,2,3,Frequently,Yes,3,Once a week,10–20 Liters,Yes,Yes,Yes,No,No change,415
3,1,Daily,3,Often,Often,2,3,Frequently,Yes,3,More than twice,21–40 Liters,Yes,Yes,No,Yes,Reduced travel,698
1,1,Daily,2,Sometimes,Never,3,3,Frequently,Yes,3,Once a week,21–40 Liters,Yes,Yes,No,Yes,Driving more carefully,165
5,1,Daily,2,Sometimes,Sometimes,3,1,Rarely,No,1,Once a week,Less than 10 Liters,Yes,Yes,No,Yes,Reduced travel,65
4,1,Daily,1,Sometimes,Never,2,3,Frequently,Yes,2,Twice a week,Less than 10 Liters,Yes,Yes,No,Yes,Reduced travel,215
1,2,Daily,3,Often,Often,3,3,Frequently,Yes,3,More than twice,10–20 Liters,Yes,Yes,Yes,No,No change,184
5,1,Daily,2,Sometimes,Sometimes,3,2,Sometimes,No,2,Once a week,Less than 10  Liters,Yes,Yes,Yes,No,No change,94
1,2,Daily,2,Sometimes,Never,2,2,Sometimes,Yes,3,Twice a week,10–20 Liters,Yes,Yes,No,Yes,Driving more carefully,246
1,2,Daily,1,Never,Sometimes,1,3,Frequently,Yes,2,Once a week,21–40 Liters,Yes,No,Yes,No,No change,385
3,1,Daily,3,Often,Often,2,3,Frequently,Yes,3,More than twice,41–60 Liters,Yes,Yes,No,Yes,Reduced travel,548
5,1,Daily,1,Sometimes,Sometimes,2,1,Rarely,Yes,2,3 time per week,Less than 10  Liters,Yes,Yes,Yes,No,Reduced travel,218
1,1,Several times a week,2,Sometimes,Sometimes,3,3,Frequently,Yes,3,Twice a week,10–20 Liters,Yes,Yes,Yes,No,No change,154
3,1,Several times a week,2,Sometimes,Sometimes,2,3,Frequently,Yes,3,Once a week,41–60 Liters,Yes,Yes,No,Yes,Driving more carefully,710
1,2,Daily,1,Never,Never,2,3,Frequently,Yes,2,Once a week,10–20 Liters,Yes,No,Yes,No,No change,296
1,2,Daily,2,Sometimes,Sometimes,2,2,Sometimes,Yes,3,Once a week,21–40 Liters,Yes,Yes,No,Yes,Driving more carefully,420
1,1,Daily,2,Never,Never,3,2,Sometimes,Yes,3,Twice a week,10–20 Liters,Yes,Yes,Yes,No,No change,279
1,2,Daily,2,Sometimes,Sometimes,3,3,Frequently,Yes,3,Once a week,Less than 10  Liters,Yes,Yes,No,Yes,Reduced travel,148
5,1,Daily,1,Sometimes,Sometimes,2,2,Sometimes,Yes,2,More than twice,Less than 10  Liters,Not sure,Yes,No,Yes,"Reduced travel, Driving more carefully",53
1,1,Several times a week,2,Sometimes,Sometimes,2,2,Sometimes,Yes,2,Once a week,10–20  Liters,Not sure,Yes,Yes,Yes,Reduced travel,251
4,1,Daily,2,Sometimes,Sometimes,2,1,Rarely,No,2,More than twice,10–20 Liters,Yes,Yes,No,Yes,Reduced travel,348
1,2,Several times a week,2,Sometimes,Sometimes,4,1,Rarely,No,2,Once a week,Less than 10  Liters,Yes,Yes,No,Yes,Driving more carefully,142
1,1,Daily,1,Sometimes,Never,1,3,Frequently,Yes,2,Once a week,21–40 Liters,Not sure,Yes,No,Yes,Reduced travel,369
5,1,Daily,2,Sometimes,Sometimes,2,1,Sometimes,Yes,2,Once a week,Less than 10  Liters,Yes,No,Yes,Yes,Reduced travel,190
5,1,Daily,2,Often,Sometimes,3,3,Frequently,Yes,1,Once a week,Less than 10 Liters,Yes,No,Yes,No,No change,220
1,2,Daily,3,Sometimes,Sometimes,4,1,Rarely,No,3,Twice a week,21–40 Liters,Yes,Yes,No,Yes,Reduced travel,388
3,2,Daily,1,Sometimes,Never,1,1,Rarely,No,2,Twice a week,21–40 Liters,Yes,Yes,Yes,No,No change,310
3,2,Daily,1,Never,Never,1,3,Frequently,Yes,3,Twice a week,41–60 Liters,Yes,Yes,No,Yes,Changed routes,593
5,1,Daily,2,Sometimes,Sometimes,3,2,Sometimes,Yes,2,Twice a week,Less than 10  Liters,Yes,Yes,Yes,Yes,Driving more carefully,123
5,1,Daily,3,Often,Sometimes,2,3,Frequently,Yes,2,More than twice,Less than 10  Liters,Yes,Yes,No,Yes,Reduced travel,144
1,1,Daily,1,Sometimes,Sometimes,1,2,Sometimes,Yes,2,More than twice,21–40  Liters,No,Yes,No,Yes,Changed routes,419
5,1,Daily,2,Sometimes,Never,3,3,Frequently,Yes,1,Once a week,Less than 10 Liters,Yes,Yes,No,Yes,Reduced travel,185
1,1,Several times a week,1,Never,Never,4,1,Rarely,No,2,Once a week,21–40  Liters,Yes,Yes,No,Yes,Driving more carefully,376
2,2,Daily,1,Sometimes,Sometimes,2,3,Frequently,Yes,3,Once a week,61–80 Liters,Yes,Yes,No,Yes,Reduced travel,315
1,2,Several times a week,1,Never,Never,3,1,Rarely,No,1,Once a week,10–20  Liters,Yes,Yes,Yes,Yes,Driving more carefully,262
5,1,Daily,2,Sometimes,Sometimes,3,1,Rarely,No,1,Twice a week,Less than 10 Liters,Yes,No,Yes,No,No change,178
4,1,Daily,2,Sometimes,Sometimes,1,3,Frequently,Yes,3,Twice a week,Less than 10 Liters,Yes,Yes,No,Yes,Reduced travel,156
3,1,Daily,3,Often,Often,2,3,Frequently,Yes,3,More than twice,21–40 Liters,Yes,Yes,No,Yes,Reduced travel,237
2,2,Daily,2,Sometimes,Sometimes,2,3,Frequently,Yes,3,Once a week,81–100 Liters,Not sure,Yes,No,Yes,Changed routes,470
5,1,Several times a week,1,Sometimes,Sometimes,2,1,Sometimes,Yes,2,Once a week,Less than 10  Liters,Yes,Yes,Yes,Yes,Reduced travel,119
4,1,Several times a week,2,Often,Sometimes,3,3,Frequently,Yes,2,Twice a week,10–20 Liters,Yes,Yes,No,Yes,Driving more carefully,469
5,1,Daily,3,Often,Often,3,2,Frequently,No,2,Twice a week,Less than 10 Liters,Yes,Yes,No,Yes,Changed routes,82
4,1,Several times a week,2,Sometimes,Often,2,1,Rarely,No,2,Once a week,Less than 10 Liters,Yes,Yes,Yes,No,No change,88
5,1,Daily,2,Often,Often,1,2,Frequently,No,2,More than twice,Less than 10  Liters,Yes,Yes,Yes,No,No change,75
1,1,Daily,2,Sometimes,Often,2,3,Frequently,Yes,3,Twice a week,21–40 Liters,Yes,Yes,Yes,Yes,Driving more carefully,424
4,1,Daily,2,Often,Sometimes,2,2,Sometimes,Yes,2,Twice a week,10–20 Liters,Yes,Yes,No,Yes,Reduced travel,365
1,1,Daily,2,Sometimes,Sometimes,3,2,Sometimes,Yes,3,Once a week,21–40 Liters,Yes,Yes,No,Yes,Changed routes,388
1,2,Daily,1,Never,Never,2,3,Frequently,Yes,1,Once a week,10–20  Liters,Yes,Yes,Yes,Yes,Driving more carefully,247
1,1,Daily,1,Never,Never,1,2,Sometimes,Yes,2,Once a week,21–40 Liters,Yes,Yes,No,Yes,Reduced travel,341
1,2,Several times a week,2,Sometimes,Sometimes,2,2,Sometimes,Yes,2,Once a week,21–40  Liters,Not sure,Yes,Yes,Yes,Changed routes,371
2,2,Daily,2,Never,Sometimes,2,2,Sometimes,Yes,2,Twice a week,21–40 Liters,Yes,Yes,No,Yes,Reduced travel,155
1,1,Daily,1,Never,Never,3,2,Sometimes,No,2,Once a week,21–40  Liters,Yes,Yes,Yes,No,No change,379
1,2,Several times a week,1,Never,Never,3,1,Rarely,No,1,Once a week,10–20  Liters,Yes,Yes,Yes,Yes,Driving more carefully,285
1,1,Several times a week,1,Sometimes,Sometimes,2,2,Sometimes,No,2,Once a week,Less than 10  Liters,Yes,Yes,Yes,Yes,Driving more carefully,151
5,1,Occasionally,3,Often,Often,5,1,Rarely,No,3,Once a week,Less than 10  Liters,Yes,Yes,No,Yes,Reduced travel,201
3,2,Daily,2,Sometimes,Never,3,3,Frequently,Yes,3,Once a week,41–60 Liters,Yes,Yes,No,Yes,Reduced travel,530
5,1,Daily,2,Sometimes,Sometimes,2,2,Frequently,Yes,2,Daily,Less than 10  Liters,Yes,Yes,No,Yes,No change,139
1,1,Several times a week,1,Never,Sometimes,2,3,Frequently,Yes,2,Once a week,21–40 Liters,Yes,Yes,Yes,No,No change,354
1,1,Several times a week,2,Sometimes,Sometimes,2,2,Sometimes,Yes,2,Once a week,10–20  Liters,Not sure,Yes,Yes,Yes,Reduced travel,236
1,2,Several times a week,2,Sometimes,Sometimes,3,2,Sometimes,No,3,Once a week,21–40 Liters,Not sure,Yes,No,Yes,Reduced travel,391
5,1,Daily,1,Sometimes,Sometimes,2,3,Frequently,Yes,2,Once a week,Less than 10  Liters,Yes,Yes,Yes,Yes,Reduced travel,96
1,2,Daily,1,Sometimes,Sometimes,2,2,Sometimes,Yes,2,Once a week,21–40  Liters,Not sure,Yes,Yes,Yes,Changed routes,363
5,1,Daily,2,Sometimes,Sometimes,2,1,Rarely,No,2,Once a week,Less than 10  Liters,Yes,Yes,Yes,Yes,"Reduced travel, Changed routes, Driving more carefully",410
3,2,Daily,2,Sometimes,Never,3,3,Frequently,Yes,3,Once a week,41–60 Liters,Yes,Yes,No,Yes,Reduced travel,540
1,1,Daily,3,Often,Often,2,3,Frequently,Yes,3,Twice a week,10–20 Liters,Yes,Yes,Yes,No,No change,309
4,1,Daily,1,Sometimes,Never,2,2,Sometimes,Yes,2,More than twice,10–20 Liters,Yes,No,Yes,No,No change,387
1,2,Several times a week,3,Often,Often,2,3,Frequently,Yes,2,Once a week,10–20 Liters,Yes,Yes,Yes,No,No change,196
1,1,Several times a week,2,Sometimes,Sometimes,2,2,Sometimes,Yes,2,Once a week,Less than 10  Liters,Yes,Yes,Yes,No,Changed routes,129
4,1,Daily,1,Never,Never,2,1,Rarely,No,2,Twice a week,10–20 Liters,Yes,Yes,Yes,No,No change,426
5,1,Several times a week,1,Sometimes,Sometimes,1,1,Sometimes,No,2,Once a week,Less than 10  Liters,Yes,Yes,Yes,Yes,Reduced travel,139
5,1,Daily,2,Sometimes,Sometimes,2,2,Sometimes,No,2,Twice a week,Less than 10  Liters,Not sure,Yes,Yes,Yes,"Changed routes, Driving more carefully",161
5,1,Occasionally,1,Sometimes,Sometimes,2,2,Sometimes,Yes,1,Once a week,Less than 10  Liters,Yes,Yes,Yes,No,"Reduced travel, Driving more carefully",232
1,2,Daily,1,Never,Never,2,3,Frequently,Yes,2,More than twice,10–20 Liters,Yes,Yes,Yes,No,No change,294
1,1,Several times a week,2,Sometimes,Sometimes,2,2,Sometimes,Yes,2,Once a week,10–20  Liters,Yes,Yes,Yes,Yes,No change,200
1,1,Daily,2,Sometimes,Sometimes,3,2,Sometimes,Yes,2,Twice a week,21–40  Liters,Yes,Yes,Yes,No,No change,397
3,1,Daily,3,Often,Often,2,3,Frequently,Yes,3,Twice a week,41–60 Liters,Yes,Yes,No,Yes,Reduced travel,481
1,2,Daily,2,Sometimes,Sometimes,4,1,Rarely,No,3,Twice a week,21–40 Liters,Yes,Yes,Yes,No,No change,363
3,1,Daily,3,Often,Often,3,3,Frequently,Yes,3,More than twice,Less than 10  Liters,Yes,Yes,No,Yes,Reduced travel,120
5,1,Daily,1,Sometimes,Sometimes,2,2,Sometimes,No,1,Once a week,Less than 10 Liters,Yes,Yes,Yes,No,No change,54
1,1,Several times a week,1,Never,Never,4,1,Rarely,No,2,Once a week,21–40  Liters,Yes,Yes,No,Yes,Driving more carefully,376
5,1,Several times a week,2,Sometimes,Sometimes,3,2,Frequently,Yes,2,Once a week,Less than 10  Liters,Yes,Yes,Yes,Yes,Reduced travel,119
5,1,Several times a week,2,Sometimes,Never,2,2,Sometimes,Yes,1,Twice a week,Less than 10 Liters,Yes,Yes,Yes,No,No change,236
1,2,Several times a week,2,Sometimes,Sometimes,2,2,Sometimes,Yes,2,Once a week,21–40  Liters,Not sure,Yes,Yes,Yes,Changed routes,371
2,2,Daily,2,Sometimes,Often,2,3,Frequently,Yes,3,More than twice,81–100 Liters,Yes,Yes,No,Yes,Reduced travel,455
5,1,Daily,2,Sometimes,Sometimes,2,1,Sometimes,Yes,2,Once a week,Less than 10  Liters,Yes,No,Yes,Yes,Reduced travel,190
3,2,Daily,2,Sometimes,Never,3,3,Frequently,Yes,3,Once a week,41–60 Liters,Yes,Yes,No,Yes,Reduced travel,530
5,1,Several times a week,2,Often,Often,3,2,Frequently,Yes,2,Once a week,Less than 10  Liters,Yes,Yes,No,Yes,"Reduced travel, Driving more carefully",59
3,2,Several times a week,1,Never,Never,3,2,Sometimes,No,2,Once a week,41–60 Liters,Not sure,Yes,Yes,Yes,Driving more carefully,593
1,1,Daily,2,Sometimes,Never,3,3,Frequently,Yes,3,Once a week,21–40 Liters,Yes,Yes,No,Yes,Driving more carefully,429
4,1,Several times a week,2,Never,Sometimes,2,3,Frequently,Yes,2,Twice a week,Less than 10 Liters,Yes,Yes,No,Yes,Changed routes,200
2,2,Several times a week,2,Never,Sometimes,3,2,Sometimes,Yes,3,Twice a week,61–80 Liters,No,Yes,No,Yes,Driving more carefully,340
5,1,Daily,2,Sometimes,Sometimes,2,3,Frequently,Yes,1,Twice a week,Less than 10 Liters,Yes,Yes,No,Yes,Reduced travel,96
5,1,Several times a week,2,Sometimes,Sometimes,3,2,Frequently,Yes,2,Once a week,Less than 10  Liters,Yes,Yes,Yes,Yes,Reduced travel,119
1,1,Several times a week,1,Never,Sometimes,2,3,Frequently,Yes,2,Once a week,21–40 Liters,Yes,Yes,Yes,No,No change,416
4,1,Occasionally,2,Sometimes,Sometimes,2,2,Sometimes,Yes,2,Once a week,10–20  Liters,No,Yes,No,Yes,Changed routes,562
1,1,Several times a week,1,Never,Sometimes,2,3,Frequently,Yes,2,Once a week,21–40 Liters,Yes,Yes,Yes,No,No change,417
1,1,Daily,1,Sometimes,Sometimes,2,2,Sometimes,Yes,2,Once a week,Less than 10  Liters,Yes,Yes,Yes,Yes,Reduced travel,123
4,1,Several times a week,2,Sometimes,Often,2,1,Rarely,No,2,Once a week,Less than 10 Liters,Yes,Yes,Yes,No,No change,163
5,1,Daily,2,Sometimes,Sometimes,2,1,Sometimes,Yes,2,Once a week,Less than 10  Liters,Yes,No,Yes,Yes,Reduced travel,190
5,1,Daily,1,Sometimes,Sometimes,2,2,Sometimes,Yes,2,More than twice,Less than 10  Liters,Yes,Yes,Yes,Yes,Changed routes,92
5,1,Several times a week,2,Often,Sometimes,2,3,Frequently,Yes,1,Twice a week,Less than 10 Liters,Not sure,Yes,Yes,Yes,Changed routes,243
1,1,Daily,2,Sometimes,Sometimes,2,2,Sometimes,Yes,3,Once a week,21–40 Liters,Yes,Yes,No,Yes,Reduced travel,338
4,1,Daily,2,Sometimes,Sometimes,2,2,Frequently,No,2,Once a week,10–20  Liters,Not sure,Yes,No,Yes,"Reduced travel, Changed routes, Driving more carefully",400
3,1,Daily,3,Often,Often,2,3,Frequently,Yes,3,Twice a week,41–60 Liters,Yes,Yes,No,Yes,Reduced travel,481
1,2,Daily,1,Sometimes,Sometimes,2,2,Sometimes,Yes,2,Once a week,21–40  Liters,Not sure,Yes,Yes,Yes,Changed routes,363
4,1,Occasionally,2,Sometimes,Sometimes,2,2,Sometimes,Yes,2,Once a week,10–20  Liters,No,Yes,No,Yes,Changed routes,421
4,1,Daily,1,Never,Never,1,1,Rarely,No,2,Twice a week,Less than 10 Liters,Yes,Yes,Yes,No,No change,100
5,1,Several times a week,2,Sometimes,Sometimes,2,2,Sometimes,Yes,2,Twice a week,Less than 10  Liters,Not sure,Yes,Yes,Yes,"Reduced travel, Changed routes",510
1,1,Daily,2,Sometimes,Sometimes,3,2,Sometimes,No,2,Twice a week,10–20  Liters,No,Yes,Yes,No,No change,187
5,1,Daily,2,Sometimes,Sometimes,2,2,Sometimes,No,2,Twice a week,Less than 10  Liters,Not sure,Yes,Yes,Yes,"Changed routes, Driving more carefully",161
1,2,Daily,1,Never,Sometimes,1,3,Frequently,Yes,2,Once a week,21–40 Liters,Yes,No,Yes,No,No change,385
1,1,Daily,2,Never,Sometimes,3,3,Frequently,Yes,3,Twice a week,21–40 Liters,Yes,Yes,No,Yes,Changed routes,393
1,2,Several times a week,1,Never,Never,4,2,Sometimes,No,2,Once a week,Less than 10  Liters,Yes,Yes,Yes,No,No change,138
3,2,Daily,1,Sometimes,Never,2,3,Frequently,Yes,3,Once a week,41–60 Liters,Yes,Yes,No,Yes,Driving more carefully,632
4,1,Daily,2,Sometimes,Sometimes,2,3,Frequently,Yes,3,More than twice,10–20  Liters,Not sure,Yes,No,Yes,Changed routes,369
1,2,Daily,1,Never,Never,3,1,Sometimes,Yes,2,More than twice,10–20  Liters,Yes,Yes,Yes,Yes,Reduced travel,294
1,2,Daily,2,Sometimes,Often,3,2,Sometimes,Yes,1,Once a week,10–20 Liters,Yes,Yes,Yes,No,No change,182
1,1,Daily,1,Never,Never,2,2,Frequently,Yes,2,Once a week,Less than 10  Liters,Yes,Yes,No,Yes,Reduced travel,152
4,1,Several times a week,3,Often,Often,3,2,Sometimes,Yes,3,More than twice,10–20 Liters,Yes,Yes,No,Yes,Driving more carefully,345
5,1,Daily,2,Sometimes,Sometimes,4,2,Sometimes,Yes,2,Once a week,Less than 10  Liters,Not sure,Yes,No,Yes,"Changed routes, No change",245
1,2,Daily,1,Never,Never,4,2,Sometimes,No,2,Once a week,10–20 Liters,Yes,Yes,No,Yes,Driving more carefully,179
1,2,Daily,2,Sometimes,Often,3,2,Sometimes,Yes,1,Once a week,10–20 Liters,Yes,Yes,Yes,No,No change,182
4,1,Daily,2,Sometimes,Sometimes,2,3,Frequently,Yes,3,More than twice,10–20  Liters,Not sure,Yes,No,Yes,Changed routes,650
1,1,Daily,1,Never,Never,2,2,Sometimes,Yes,2,Once a week,10–20 Liters,Yes,Yes,No,Yes,Reduced travel,223
5,1,Several times a week,1,Sometimes,Sometimes,1,1,Sometimes,No,2,Once a week,Less than 10  Liters,Yes,Yes,Yes,Yes,Reduced travel,139
5,1,Several times a week,1,Sometimes,Sometimes,2,1,Rarely,No,1,Twice a week,Less than 10  Liters,Yes,Yes,Yes,Yes,No change,133
1,2,Several times a week,1,Never,Never,4,1,Rarely,No,2,Once a week,Less than 10  Liters,Yes,Yes,No,Yes,Driving more carefully,101
5,1,Daily,2,Sometimes,Often,3,1,Rarely,No,1,Once a week,Less than 10 Liters,Yes,Yes,Yes,Yes,Changed routes,112
1,2,Daily,2,Sometimes,Often,3,2,Sometimes,Yes,1,Once a week,10–20 Liters,Yes,Yes,Yes,No,No change,182
5,1,Several times a week,1,Often,Sometimes,2,2,Sometimes,Yes,2,Twice a week,Less than 10  Liters,Yes,Yes,Yes,Yes,Driving more carefully,116
1,2,Daily,1,Never,Never,4,2,Sometimes,No,2,Once a week,10–20  Liters,Yes,Yes,No,Yes,Driving more carefully,172
3,1,Daily,3,Often,Often,2,3,Frequently,Yes,3,Twice a week,41–60 Liters,Yes,Yes,No,Yes,Reduced travel,648
1,2,Several times a week,1,Never,Never,3,1,Rarely,No,1,Once a week,10–20  Liters,Yes,Yes,Yes,Yes,Driving more carefully,280
1,2,Daily,1,Never,Never,2,3,Frequently,Yes,2,Twice a week,10–20 Liters,Yes,Yes,Yes,No,No change,240
3,2,Daily,1,Sometimes,Never,2,3,Frequently,Yes,3,Once a week,41–60 Liters,Yes,Yes,No,Yes,Driving more carefully,682
1,2,Daily,1,Never,Never,3,1,Sometimes,Yes,2,More than twice,10–20  Liters,Yes,Yes,Yes,Yes,Reduced travel,259
4,1,Daily,3,Sometimes,Often,5,2,Frequently,No,3,Twice a week,10–20 Liters,Yes,Yes,No,Yes,Reduced travel,300
3,2,Daily,3,Often,Often,2,3,Frequently,Yes,3,More than twice,41–60 Liters,Yes,Yes,No,Yes,Reduced travel,576
1,1,Daily,2,Sometimes,Sometimes,2,3,Frequently,Yes,3,Twice a week,Less than 10  Liters,Yes,Yes,No,Yes,Changed routes,133
1,2,Several times a week,2,Sometimes,Never,2,3,Frequently,Yes,3,Twice a week,21–40 Liters,Yes,Yes,No,Yes,Changed routes,348
1,2,Several times a week,1,Never,Never,3,1,Rarely,No,1,Once a week,10–20  Liters,Yes,Yes,Yes,Yes,Driving more carefully,240
5,1,Daily,2,Sometimes,Sometimes,2,1,Frequently,No,3,More than twice,Less than 10  Liters,No,Yes,Yes,Yes,Reduced travel,62
1,2,Daily,3,Often,Often,2,3,Frequently,Yes,2,Twice a week,10–20 Liters,Yes,Yes,Yes,No,No change,180
1,1,Daily,1,Sometimes,Sometimes,2,3,Frequently,Yes,2,Twice a week,10–20  Liters,Not sure,Yes,Yes,No,Reduced travel,241
4,1,Daily,2,Never,Sometimes,3,2,Sometimes,Yes,2,Once a week,10–20 Liters,Yes,Yes,No,Yes,Reduced travel,342
2,2,Several times a week,3,Often,Often,3,2,Sometimes,Yes,3,Twice a week,81–100 Liters,Yes,No,Yes,No,No change,404
3,1,Daily,2,Sometimes,Sometimes,1,2,Sometimes,Yes,1,Twice a week,21–40  Liters,Yes,Yes,No,Yes,Reduced travel,411
5,1,Daily,2,Often,Often,1,2,Frequently,No,2,More than twice,Less than 10  Liters,Yes,Yes,Yes,No,No change,75
5,1,Several times a week,2,Often,Sometimes,2,3,Frequently,Yes,1,Twice a week,Less than 10 Liters,Not sure,Yes,Yes,Yes,Changed routes,243
5,1,Several times a week,1,Never,Never,3,3,Frequently,Yes,1,Once a week,Less than 10 Liters,Yes,Yes,No,Yes,Reduced travel,420
4,1,Daily,2,Sometimes,Sometimes,2,2,Frequently,No,2,Once a week,10–20 Liters,Yes,Yes,No,Yes,Changed routes,624
1,1,Daily,1,Sometimes,Sometimes,1,2,Sometimes,Yes,2,More than twice,21–40  Liters,No,Yes,No,Yes,Changed routes,419
5,1,Daily,2,Sometimes,Sometimes,2,2,Frequently,Yes,2,Daily,Less than 10  Liters,Yes,Yes,No,Yes,No change,139
3,2,Daily,1,Sometimes,Never,1,1,Rarely,No,2,Twice a week,21–40 Liters,Yes,Yes,Yes,No,No change,310
2,2,Daily,2,Sometimes,Sometimes,3,3,Frequently,Yes,3,More than twice,41–60 Liters,Yes,Yes,No,Yes,Driving more carefully,255
1,2,Daily,2,Sometimes,Sometimes,3,3,Frequently,Yes,2,Once a week,10–20 Liters,Yes,Yes,Yes,Yes,Driving more carefully,263
4,1,Several times a week,3,Often,Often,3,2,Sometimes,Yes,3,More than twice,10–20 Liters,Yes,Yes,No,Yes,Driving more carefully,367
4,1,Several times a week,2,Sometimes,Sometimes,2,3,Frequently,Yes,2,Once a week,10–20 Liters,Yes,Yes,Yes,No,No change,377
3,2,Several times a week,2,Sometimes,Sometimes,2,1,Rarely,No,2,Once a week,21–40 Liters,Yes,Yes,Yes,No,No change,421
4,1,Several times a week,3,Often,Sometimes,4,2,Frequently,No,3,Twice a week,10–20 Liters,Yes,Yes,No,Yes,Changed routes,349
4,1,Daily,1,Never,Never,1,3,Frequently,Yes,2,Twice a week,10–20  Liters,Yes,Yes,No,Yes,Changed routes,412
1,1,Daily,2,Sometimes,Sometimes,2,1,Rarely,No,3,Twice a week,21–40 Liters,Yes,Yes,Yes,No,No change,286
1,1,Daily,3,Often,Sometimes,2,3,Frequently,Yes,3,More than twice,Less than 10  Liters,Yes,Yes,No,Yes,Reduced travel,99
5,2,Daily,1,Never,Never,1,3,Frequently,Yes,3,Twice a week,Less than 10  Liters,Yes,Yes,No,Yes,Reduced travel,320
5,1,Several times a week,1,Sometimes,Sometimes,2,1,Sometimes,Yes,2,Once a week,Less than 10  Liters,Yes,Yes,Yes,Yes,Reduced travel,107
4,1,Several times a week,3,Often,Often,3,2,Sometimes,Yes,3,More than twice,10–20 Liters,Yes,Yes,No,Yes,Driving more carefully,416
1,1,Daily,2,Sometimes,Never,3,2,Sometimes,No,2,Once a week,21–40  Liters,Yes,Yes,Yes,No,No change,399
4,1,Daily,2,Sometimes,Sometimes,2,2,Frequently,Yes,2,Twice a week,10–20  Liters,No,Yes,No,Yes,"Reduced travel, Driving more carefully",583
3,2,Daily,2,Sometimes,Sometimes,4,2,Sometimes,No,2,More than twice,41–60 Liters,Yes,Yes,No,Yes,Driving more carefully,635
1,2,Daily,1,Never,Never,2,3,Frequently,Yes,1,Twice a week,10–20  Liters,Yes,Yes,Yes,Yes,Driving more carefully,278
1,2,Several times a week,2,Sometimes,Sometimes,4,1,Rarely,No,2,Once a week,Less than 10  Liters,Yes,Yes,No,Yes,Driving more carefully,120
1,2,Daily,1,Never,Never,2,3,Frequently,Yes,2,Once a week,10–20 Liters,Yes,No,Yes,No,No change,300
1,1,Occasionally,2,Sometimes,Sometimes,3,3,Frequently,Yes,3,Once a week,Less than 10  Liters,Yes,Yes,No,Yes,Changed routes,80
2,2,Daily,1,Often,Often,2,3,Frequently,Yes,3,Once a week,81–100 Liters,Yes,Yes,No,Yes,"Reduced travel, Changed routes",489
1,2,Daily,1,Never,Never,3,1,Sometimes,Yes,2,More than twice,10–20  Liters,Yes,Yes,Yes,Yes,Reduced travel,266
4,1,Occasionally,3,Often,Often,3,2,Frequently,No,3,Once a week,10–20 Liters,Yes,Yes,No,Yes,Reduced travel,471
4,1,Daily,2,Never,Sometimes,3,2,Sometimes,Yes,2,Once a week,10–20 Liters,Yes,Yes,No,Yes,Reduced travel,402
5,1,Several times a week,2,Sometimes,Sometimes,2,2,Sometimes,Yes,1,Twice a week,Less than 10 Liters,Yes,Yes,Yes,Yes,Reduced travel,212
5,1,Daily,3,Sometimes,Often,3,3,Rarely,Yes,2,Once a week,Less than 10  Liters,Not sure,Yes,Yes,Yes,No change,88
1,1,Daily,2,Never,Sometimes,3,3,Frequently,Yes,3,Once a week,10–20 Liters,Yes,Yes,Yes,No,No change,188
3,1,Daily,3,Often,Often,3,3,Frequently,Yes,3,Twice a week,41–60 Liters,Yes,Yes,No,Yes,Reduced travel,562
4,1,Daily,1,Sometimes,Never,2,3,Frequently,Yes,2,Twice a week,Less than 10 Liters,Yes,Yes,No,Yes,Reduced travel,285
1,1,Several times a week,1,Sometimes,Sometimes,3,3,Sometimes,No,2,Twice a week,Less than 10  Liters,Not sure,Yes,No,No,No change,133
5,1,Several times a week,2,Often,Often,3,2,Frequently,Yes,2,Once a week,Less than 10  Liters,Yes,Yes,No,Yes,"Reduced travel, Driving more carefully",51
1,2,Daily,1,Never,Never,3,1,Sometimes,Yes,2,More than twice,10–20  Liters,Yes,Yes,Yes,Yes,Reduced travel,266
1,1,Daily,3,Often,Sometimes,2,3,Frequently,Yes,3,Twice a week,Less than 10  Liters,Yes,Yes,No,Yes,Reduced travel,83
1,1,Several times a week,2,Sometimes,Sometimes,2,2,Sometimes,Yes,2,Once a week,Less than 10  Liters,Yes,Yes,Yes,No,Changed routes,89
1,1,Several times a week,1,Never,Sometimes,2,3,Frequently,Yes,2,Once a week,21–40 Liters,Yes,Yes,Yes,No,No change,391
1,1,Several times a week,1,Sometimes,Sometimes,3,3,Sometimes,No,2,Twice a week,Less than 10  Liters,Not sure,Yes,No,No,No change,144
4,1,Occasionally,2,Sometimes,Sometimes,2,2,Sometimes,Yes,2,Once a week,10–20  Liters,No,Yes,No,Yes,Changed routes,419
1,2,Daily,2,Sometimes,Sometimes,3,3,Frequently,Yes,2,Once a week,10–20 Liters,Yes,Yes,Yes,Yes,Driving more carefully,299
3,2,Daily,1,Sometimes,Never,2,3,Frequently,Yes,3,Once a week,41–60 Liters,Yes,Yes,No,Yes,Driving more carefully,547
1,2,Daily,3,Often,Often,3,3,Frequently,Yes,3,More than twice,10–20 Liters,Yes,Yes,Yes,No,No change,194
1,2,Several times a week,2,Sometimes,Sometimes,4,1,Rarely,No,2,Once a week,Less than 10  Liters,Yes,Yes,No,Yes,Driving more carefully,156
5,1,Daily,1,Never,Sometimes,2,2,Sometimes,Yes,1,Once a week,Less than 10  Liters,Not sure,Yes,Yes,No,No change,112
1,1,Occasionally,3,Often,Often,2,3,Frequently,Yes,3,Once a week,21–40 Liters,Yes,Yes,No,Yes,Reduced travel,390
2,2,Several times a week,2,Sometimes,Sometimes,2,1,Rarely,No,3,Twice a week,61–80 Liters,Yes,Yes,No,Yes,Reduced travel,355
2,2,Several times a week,2,Sometimes,Sometimes,4,2,Sometimes,Yes,3,Twice a week,61–80 Liters,No,Yes,No,Yes,Reduced travel,320
1,1,Daily,3,Often,Sometimes,2,3,Frequently,Yes,3,Twice a week,Less than 10  Liters,Yes,Yes,No,Yes,Reduced travel,134
1,2,Daily,1,Never,Never,2,3,Frequently,Yes,2,Once a week,10–20 Liters,Yes,No,Yes,No,No change,249
1,1,Several times a week,1,Never,Sometimes,2,3,Frequently,Yes,2,Once a week,21–40 Liters,Yes,Yes,Yes,No,No change,483
3,1,Daily,2,Sometimes,Sometimes,4,2,Sometimes,Yes,2,Once a week,10–20  Liters,Not sure,Yes,No,Yes,"Changed routes, No change",200
1,1,Daily,2,Sometimes,Sometimes,3,2,Sometimes,Yes,2,Twice a week,21–40  Liters,Yes,Yes,Yes,No,No change,409
1,2,Daily,3,Often,Often,3,2,Sometimes,Yes,3,Once a week,Less than 10  Liters,Yes,Yes,No,Yes,Driving more carefully,133
1,2,Daily,1,Never,Sometimes,1,3,Frequently,Yes,2,Once a week,21–40 Liters,Yes,No,Yes,No,No change,350
4,1,Daily,2,Sometimes,Sometimes,3,2,Frequently,Yes,2,Twice a week,10–20  Liters,Yes,Yes,No,Yes,Reduced travel,572
5,1,Daily,2,Sometimes,Sometimes,3,1,Rarely,No,1,Twice a week,Less than 10 Liters,Yes,No,Yes,No,No change,169
1,2,Daily,2,Sometimes,Sometimes,4,2,Sometimes,No,2,Once a week,10–20  Liters,Yes,Yes,No,Yes,Driving more carefully,98
1,2,Several times a week,2,Sometimes,Sometimes,2,3,Frequently,Yes,3,Twice a week,21–40 Liters,Yes,Yes,No,Yes,Reduced travel,365
1,2,Daily,1,Never,Never,2,3,Frequently,Yes,1,Once a week,10–20  Liters,Yes,Yes,Yes,Yes,Driving more carefully,259
1,1,Daily,2,Sometimes,Often,2,3,Frequently,Yes,3,Twice a week,21–40 Liters,Yes,Yes,Yes,Yes,Driving more carefully,397
1,2,Daily,2,Sometimes,Often,3,2,Sometimes,Yes,1,Once a week,10–20 Liters,Yes,Yes,Yes,No,No change,184
4,2,Daily,2,Sometimes,Sometimes,2,3,Frequently,Yes,2,Once a week,10–20 Liters,Yes,Yes,Yes,Yes,Driving more carefully,534
5,1,Occasionally,2,Never,Often,3,3,Frequently,Yes,1,Once a week,Less than 10  Liters,No,Yes,No,Yes,Reduced travel,280
4,1,Daily,1,Never,Never,1,2,Sometimes,Yes,2,Once a week,10–20  Liters,Yes,Yes,No,Yes,Reduced travel,397
5,1,Daily,1,Often,Sometimes,2,2,Frequently,Yes,2,Once a week,Less than 10  Liters,No,Yes,Yes,Yes,Driving more carefully,108
1,1,Several times a week,2,Sometimes,Sometimes,2,2,Sometimes,Yes,2,Once a week,Less than 10  Liters,Yes,Yes,Yes,No,Changed routes,139
5,1,Daily,1,Never,Sometimes,3,2,Sometimes,Yes,1,Once a week,Less than 10  Liters,Yes,Yes,Yes,No,No change,240
5,1,Daily,1,Never,Sometimes,2,2,Sometimes,Yes,1,Once a week,Less than 10  Liters,Yes,Yes,Yes,No,No change,234
6,2,Daily,3,Often,Often,2,3,Frequently,Yes,3,Twice a week,More than 100 Liters,Yes,Yes,No,Yes,Reduced travel,1244
1,2,Several times a week,2,Sometimes,Sometimes,4,1,Rarely,No,2,Once a week,10–20 Liters,Yes,Yes,No,Yes,Driving more carefully,255
4,1,Several times a week,2,Often,Sometimes,2,2,Sometimes,No,2,More than twice,Less than 10  Liters,Yes,Yes,Yes,Yes,Reduced travel,251
5,1,Daily,1,Sometimes,Sometimes,2,2,Sometimes,Yes,2,Twice a week,Less than 10  Liters,Yes,Yes,No,Yes,Driving more carefully,96
4,1,Daily,1,Sometimes,Never,2,3,Frequently,Yes,2,Twice a week,Less than 10 Liters,Yes,Yes,No,Yes,Reduced travel,202
3,2,Daily,2,Sometimes,Never,3,3,Frequently,Yes,3,Once a week,41–60 Liters,Yes,Yes,No,Yes,Reduced travel,550
5,1,Several times a week,2,Sometimes,Sometimes,2,2,Sometimes,Yes,2,Twice a week,Less than 10  Liters,Not sure,Yes,Yes,Yes,"Reduced travel, Changed routes",217
5,1,Daily,2,Sometimes,Sometimes,2,2,Frequently,Yes,2,Daily,Less than 10  Liters,Yes,Yes,No,Yes,No change,121
4,1,Daily,2,Sometimes,Sometimes,2,2,Frequently,No,2,Once a week,10–20 Liters,Yes,Yes,No,Yes,Changed routes,345
1,1,Daily,1,Sometimes,Sometimes,1,2,Sometimes,Yes,2,More than twice,21–40  Liters,No,Yes,No,Yes,Changed routes,397
1,1,Daily,2,Often,Sometimes,3,3,Frequently,Yes,3,Twice a week,21–40 Liters,Yes,Yes,Yes,No,No change,409
3,1,Several times a week,2,Sometimes,Never,2,2,Sometimes,Yes,2,Twice a week,21–40 Liters,Yes,Yes,Yes,No,No change,475
5,1,Several times a week,2,Sometimes,Sometimes,2,2,Sometimes,Yes,2,Twice a week,Less than 10  Liters,Not sure,Yes,Yes,Yes,"Reduced travel, Changed routes",256
5,1,Several times a week,2,Sometimes,Sometimes,3,2,Frequently,Yes,2,Once a week,Less than 10  Liters,Yes,Yes,Yes,Yes,Reduced travel,118
5,1,Daily,2,Sometimes,Sometimes,3,2,Sometimes,No,2,Once a week,Less than 10  Liters,Yes,Yes,Yes,No,No change,83
1,2,Several times a week,1,Never,Never,3,1,Rarely,No,1,Twice a week,10–20  Liters,Yes,Yes,Yes,Yes,Driving more carefully,277
1,2,Several times a week,1,Never,Never,2,1,Rarely,No,1,Once a week,10–20  Liters,Yes,Yes,Yes,Yes,Driving more carefully,254
3,1,Daily,1,Never,Sometimes,2,3,Frequently,Yes,3,Once a week,21–40 Liters,Yes,Yes,No,Yes,Reduced travel,433
1,1,Daily,2,Never,Sometimes,3,3,Frequently,Yes,3,Twice a week,21–40 Liters,Yes,Yes,No,Yes,Changed routes,402
3,1,Daily,3,Often,Often,2,3,Frequently,Yes,3,Twice a week,41–60 Liters,Yes,Yes,No,Yes,Reduced travel,536
5,1,Daily,2,Sometimes,Sometimes,2,2,Sometimes,No,2,Twice a week,Less than 10  Liters,Not sure,Yes,Yes,Yes,"Changed routes, Driving more carefully",138
3,1,Daily,2,Sometimes,Sometimes,1,2,Sometimes,Yes,1,Once a week,21–40  Liters,Yes,Yes,No,Yes,Reduced travel,388
5,1,Daily,2,Sometimes,Sometimes,3,2,Sometimes,Yes,1,Twice a week,Less than 10 Liters,Yes,Yes,Yes,No,No change,137
1,1,Daily,1,Never,Never,3,2,Sometimes,No,2,Once a week,21–40  Liters,Yes,Yes,Yes,No,No change,401
5,1,Several times a week,1,Sometimes,Sometimes,3,1,Sometimes,No,2,Once a week,Less than 10  Liters,Yes,Yes,Yes,Yes,Reduced travel,50
3,1,Daily,2,Sometimes,Sometimes,1,2,Sometimes,Yes,1,Twice a week,21–40  Liters,Yes,Yes,No,Yes,Reduced travel,378
1,2,Several times a week,2,Sometimes,Sometimes,2,3,Frequently,Yes,3,Once a week,21–40 Liters,Yes,Yes,No,Yes,Reduced travel,380
3,1,Daily,3,Often,Often,3,3,Frequently,Yes,3,More than twice,41–60 Liters,Yes,Yes,No,Yes,Reduced travel,496
4,1,Daily,2,Sometimes,Sometimes,3,2,Frequently,Yes,2,Twice a week,10–20  Liters,Yes,Yes,No,Yes,Reduced travel,397
1,1,Daily,1,Never,Never,1,2,Sometimes,Yes,2,Once a week,21–40 Liters,Yes,Yes,No,Yes,Reduced travel,406
1,2,Several times a week,1,Never,Never,2,3,Frequently,Yes,2,Once a week,21–40 Liters,Yes,Yes,Yes,No,No change,367
4,1,Daily,2,Sometimes,Sometimes,2,3,Frequently,Yes,2,Once a week,Less than 10 Liters,Yes,Yes,No,Yes,Reduced travel,162
1,1,Daily,2,Sometimes,Sometimes,3,3,Frequently,Yes,3,Once a week,21–40 Liters,Yes,Yes,No,Yes,Reduced travel,402
4,1,Daily,2,Sometimes,Sometimes,2,3,Frequently,Yes,3,More than twice,10–20  Liters,Not sure,Yes,No,Yes,Changed routes,412
3,1,Several times a week,2,Sometimes,Often,2,3,Sometimes,Yes,2,More than twice,Less than 10  Liters,Not sure,Yes,No,No,No change,107
1,1,Daily,1,Never,Never,2,2,Sometimes,No,2,Twice a week,21–40 Liters,Yes,Yes,Yes,No,No change,361
4,1,Daily,1,Never,Never,2,1,Rarely,No,2,Twice a week,10–20 Liters,Yes,Yes,Yes,No,No change,384
2,2,Daily,1,Often,Often,2,3,Frequently,Yes,3,Once a week,81–100 Liters,Yes,Yes,No,Yes,"Reduced travel, Changed routes",455
5,1,Occasionally,1,Sometimes,Sometimes,2,2,Sometimes,Yes,1,Once a week,Less than 10  Liters,Yes,Yes,Yes,No,"Reduced travel, Driving more carefully",213
4,1,Daily,2,Sometimes,Sometimes,2,2,Frequently,No,2,Once a week,10–20  Liters,Not sure,Yes,No,Yes,"Reduced travel, Changed routes, Driving more carefully",456
1,2,Daily,2,Sometimes,Sometimes,2,3,Frequently,Yes,2,Once a week,10–20 Liters,Yes,Yes,Yes,Yes,Driving more carefully,279
1,1,Daily,2,Sometimes,Sometimes,3,2,Sometimes,Yes,1,Twice a week,Less than 10 Liters,Yes,Yes,Yes,No,No change,122
1,1,Several times a week,1,Never,Never,4,1,Rarely,No,2,Once a week,21–40  Liters,Yes,Yes,No,Yes,Driving more carefully,345
5,1,Daily,2,Sometimes,Sometimes,2,3,Frequently,Yes,2,Twice a week,Less than 10  Liters,Yes,Yes,No,Yes,Changed routes,93
1,1,Several times a week,1,Never,Sometimes,2,3,Frequently,Yes,2,Once a week,21–40 Liters,Yes,Yes,Yes,No,No change,424
3,1,Daily,3,Often,Often,2,3,Frequently,Yes,3,Twice a week,41–60 Liters,Yes,Yes,No,Yes,Reduced travel,545
5,1,Daily,1,Sometimes,Sometimes,2,2,Frequently,Yes,2,Twice a week,Less than 10  Liters,Not sure,Yes,No,No,No change,229
5,1,Daily,1,Sometimes,Never,1,3,Frequently,Yes,1,Once a week,Less than 10 Liters,Yes,Yes,No,Yes,Reduced travel,71
5,1,Several times a week,2,Never,Sometimes,2,3,Frequently,Yes,1,Twice a week,Less than 10 Liters,Yes,Yes,Yes,No,No change,99
5,1,Daily,1,Sometimes,Sometimes,2,3,Frequently,Yes,2,Once a week,Less than 10  Liters,Yes,Yes,Yes,Yes,Reduced travel,110
3,1,Several times a week,3,Often,Often,2,3,Frequently,Yes,3,Twice a week,41–60 Liters,Yes,Yes,No,Yes,Reduced travel,629
1,2,Several times a week,1,Never,Never,3,1,Rarely,No,1,Once a week,10–20  Liters,Yes,Yes,Yes,Yes,Driving more carefully,209
1,1,Daily,3,Often,Often,2,3,Frequently,Yes,3,Twice a week,Less than 10 Liters,Yes,Yes,No,Yes,Reduced travel,159
1,1,Daily,3,Often,Often,4,2,Frequently,No,3,Twice a week,21–40 Liters,Yes,Yes,No,Yes,Reduced travel,407
6,2,Several times a week,2,Sometimes,Sometimes,2,2,Frequently,No,2,Twice a week,81–100 Liters,Not sure,Yes,No,No,"Reduced travel, Changed routes, Driving more carefully",410
1,1,Occasionally,2,Sometimes,Sometimes,3,3,Frequently,Yes,3,Once a week,41–60 Liters,Yes,Yes,No,Yes,Changed routes,499
5,1,Daily,2,Sometimes,Sometimes,2,2,Sometimes,No,2,Twice a week,Less than 10  Liters,Not sure,Yes,Yes,Yes,"Changed routes, Driving more carefully",139
4,1,Daily,2,Never,Often,3,3,Frequently,Yes,2,Once a week,10–20 Liters,Yes,No,Yes,No,No change,621
5,1,Several times a week,2,Often,Sometimes,2,3,Frequently,Yes,1,Twice a week,Less than 10 Liters,Not sure,Yes,Yes,Yes,Changed routes,273
5,1,Daily,2,Sometimes,Sometimes,2,1,Sometimes,Yes,2,Once a week,Less than 10  Liters,Yes,No,Yes,Yes,Reduced travel,175
1,1,Daily,1,Sometimes,Sometimes,2,3,Frequently,Yes,2,Once a week,21–40 Liters,Yes,Yes,No,Yes,Reduced travel,378
2,2,Several times a week,2,Sometimes,Sometimes,2,1,Rarely,No,2,Once a week,21–40 Liters,Yes,Yes,Yes,No,No change,180
4,1,Daily,1,Never,Never,1,1,Rarely,No,2,Twice a week,Less than 10 Liters,Yes,Yes,Yes,No,No change,260
1,2,Daily,1,Never,Never,3,3,Frequently,Yes,2,More than twice,10–20 Liters,Yes,Yes,Yes,No,No change,212
5,1,Several times a week,1,Sometimes,Sometimes,3,1,Sometimes,No,2,Once a week,Less than 10  Liters,Yes,Yes,Yes,Yes,Reduced travel,410
4,1,Daily,2,Sometimes,Sometimes,2,2,Frequently,No,2,Once a week,10–20  Liters,Not sure,Yes,No,Yes,"Reduced travel, Changed routes, Driving more carefully",395
1,2,Several times a week,2,Sometimes,Sometimes,2,3,Frequently,Yes,3,Once a week,21–40 Liters,Yes,Yes,No,Yes,Reduced travel,408
3,2,Daily,2,Sometimes,Never,3,3,Frequently,Yes,3,Once a week,41–60 Liters,Yes,Yes,No,Yes,Reduced travel,551
5,1,Several times a week,2,Never,Sometimes,2,1,Rarely,No,1,Once a week,Less than 10 Liters,Yes,Yes,No,Yes,Driving more carefully,83
4,1,Daily,2,Sometimes,Sometimes,1,3,Frequently,Yes,3,Twice a week,10–20  Liters,Yes,Yes,No,Yes,Reduced travel,415
3,1,Daily,3,Often,Often,2,3,Frequently,Yes,3,More than twice,21–40 Liters,Yes,Yes,No,Yes,Reduced travel,261
4,1,Daily,2,Often,Sometimes,2,2,Sometimes,Yes,2,Twice a week,10–20 Liters,Yes,Yes,No,Yes,Reduced travel,475
1,1,Daily,2,Sometimes,Sometimes,3,2,Sometimes,Yes,3,Once a week,21–40 Liters,Yes,Yes,No,Yes,Changed routes,368
3,1,Daily,2,Sometimes,Sometimes,3,2,Sometimes,Yes,3,Twice a week,41–60 Liters,Yes,Yes,No,Yes,Reduced travel,496
1,1,Daily,1,Sometimes,Sometimes,2,3,Frequently,Yes,2,Twice a week,10–20  Liters,Not sure,Yes,Yes,No,Reduced travel,254
5,1,Daily,2,Sometimes,Sometimes,2,2,Sometimes,No,2,Twice a week,Less than 10  Liters,Not sure,Yes,Yes,Yes,"Changed routes, Driving more carefully",138
1,1,Daily,1,Never,Never,2,2,Sometimes,Yes,2,Twice a week,21–40 Liters,Yes,Yes,Yes,No,No change,260
1,1,Several times a week,2,Sometimes,Sometimes,3,3,Frequently,Yes,3,Once a week,10–20 Liters,Yes,Yes,Yes,No,No change,157
5,1,Several times a week,1,Sometimes,Sometimes,2,1,Rarely,No,1,Twice a week,Less than 10  Liters,Yes,Yes,Yes,Yes,No change,141
2,2,Several times a week,2,Sometimes,Sometimes,2,1,Rarely,Yes,1,Once a week,61–80 Liters,Yes,Yes,Yes,No,Reduced travel,335
5,1,Daily,2,Sometimes,Sometimes,3,2,Sometimes,No,2,Once a week,Less than 10  Liters,Yes,Yes,Yes,No,No change,106
5,1,Daily,2,Sometimes,Sometimes,3,3,Frequently,Yes,1,Once a week,Less than 10 Liters,Yes,Yes,No,Yes,Reduced travel,126
3,2,Several times a week,2,Sometimes,Sometimes,2,1,Rarely,No,2,Once a week,21–40 Liters,Yes,Yes,Yes,No,No change,372
1,2,Several times a week,2,Sometimes,Sometimes,2,2,Sometimes,Yes,2,Once a week,21–40  Liters,Not sure,Yes,Yes,Yes,Changed routes,418
2,2,Occasionally,3,Often,Often,3,2,Sometimes,No,3,Once a week,81–100 Liters,Not sure,Yes,No,Yes,Reduced travel,345
2,2,Daily,2,Sometimes,Often,2,3,Frequently,Yes,3,More than twice,61–80 Liters,Yes,Yes,No,Yes,Reduced travel,336
1,2,Several times a week,1,Never,Never,3,1,Rarely,No,1,Once a week,10–20  Liters,Yes,Yes,Yes,Yes,Driving more carefully,179
5,1,Daily,2,Sometimes,Sometimes,3,1,Rarely,No,1,Once a week,Less than 10 Liters,Yes,Yes,No,Yes,Reduced travel,71
1,1,Daily,2,Sometimes,Never,2,3,Frequently,Yes,3,Twice a week,21–40 Liters,Yes,Yes,No,Yes,Reduced travel,387
5,1,Daily,2,Sometimes,Sometimes,2,2,Sometimes,Yes,3,Once a week,Less than 10  Liters,Yes,Yes,Yes,No,Driving more carefully,77
4,1,Several times a week,3,Often,Often,3,2,Sometimes,Yes,3,More than twice,10–20 Liters,Yes,Yes,No,Yes,Driving more carefully,357
3,2,Daily,3,Often,Often,2,3,Frequently,Yes,3,More than twice,21–40 Liters,Yes,Yes,No,Yes,Reduced travel,405
1,2,Daily,1,Sometimes,Sometimes,2,2,Sometimes,Yes,2,More than twice,21–40  Liters,Not sure,Yes,Yes,Yes,Changed routes,406
1,1,Daily,2,Sometimes,Sometimes,3,2,Sometimes,Yes,2,Twice a week,21–40  Liters,Yes,Yes,Yes,No,No change,413
1,2,Daily,1,Sometimes,Sometimes,2,2,Sometimes,Yes,2,Once a week,21–40  Liters,Not sure,Yes,Yes,Yes,Changed routes,345
3,1,Several times a week,2,Sometimes,Never,2,2,Sometimes,Yes,2,Twice a week,21–40 Liters,Yes,Yes,Yes,No,No change,468
1,2,Several times a week,2,Sometimes,Never,2,3,Frequently,Yes,3,Twice a week,21–40 Liters,Yes,Yes,No,Yes,Changed routes,372
2,2,Several times a week,2,Sometimes,Sometimes,2,1,Rarely,Yes,1,Once a week,61–80 Liters,Yes,Yes,Yes,No,Reduced travel,332
2,2,Daily,2,Sometimes,Sometimes,3,3,Frequently,Yes,3,Twice a week,21–40 Liters,Yes,Yes,Yes,No,No change,177
5,1,Daily,2,Sometimes,Never,2,1,Rarely,No,1,Twice a week,Less than 10 Liters,Yes,Yes,No,Yes,Reduced travel,135
1,1,Daily,1,Sometimes,Never,1,3,Frequently,Yes,2,Once a week,21–40 Liters,Not sure,Yes,No,Yes,Reduced travel,418
3,1,Daily,3,Often,Often,2,3,Frequently,Yes,3,Twice a week,41–60 Liters,Yes,Yes,No,Yes,Reduced travel,708
5,1,Daily,2,Sometimes,Sometimes,3,2,Sometimes,Yes,2,Twice a week,Less than 10  Liters,Yes,Yes,Yes,Yes,Driving more carefully,111
1,2,Several times a week,2,Sometimes,Sometimes,4,1,Rarely,No,2,Once a week,Less than 10 Liters,Yes,Yes,No,Yes,Driving more carefully,80
1,1,Daily,3,Sometimes,Often,2,3,Frequently,Yes,3,Once a week,10–20 Liters,Yes,Yes,Yes,No,No change,197
5,2,Several times a week,2,Sometimes,Sometimes,2,3,Frequently,Yes,3,Once a week,Less than 10  Liters,Yes,Yes,No,Yes,Reduced travel,345
4,1,Several times a week,2,Sometimes,Often,2,1,Rarely,No,2,Once a week,Less than 10 Liters,Yes,Yes,Yes,No,No change,196
5,1,Daily,3,Often,Often,3,2,Sometimes,No,2,Once a week,Less than 10 Liters,Yes,Yes,Yes,No,No change,217
1,2,Daily,3,Often,Often,3,3,Frequently,Yes,3,More than twice,10–20 Liters,Yes,Yes,Yes,No,No change,159
1,1,Several times a week,2,Sometimes,Sometimes,2,2,Sometimes,No,3,Once a week,Less than 10 Liters,Yes,Yes,No,Yes,Driving more carefully,92
5,1,Daily,2,Sometimes,Sometimes,2,1,Sometimes,Yes,2,Once a week,Less than 10  Liters,Yes,No,Yes,Yes,Reduced travel,199
3,1,Daily,1,Never,Sometimes,1,3,Frequently,Yes,3,Once a week,21–40 Liters,Yes,Yes,No,Yes,Reduced travel,394
1,2,Several times a week,1,Never,Never,4,1,Rarely,No,2,Once a week,10–20  Liters,Yes,Yes,No,Yes,Driving more carefully,215
5,1,Daily,1,Sometimes,Sometimes,2,2,Sometimes,Yes,2,More than twice,Less than 10  Liters,Yes,Yes,Yes,Yes,Driving more carefully,197
5,1,Several times a week,2,Often,Often,3,2,Frequently,Yes,2,Once a week,Less than 10  Liters,Yes,Yes,No,Yes,"Reduced travel, Driving more carefully",56
4,1,Daily,2,Sometimes,Sometimes,2,2,Frequently,No,2,Once a week,10–20  Liters,Not sure,Yes,No,Yes,"Reduced travel, Changed routes, Driving more carefully",415
1,1,Several times a week,2,Sometimes,Sometimes,3,2,Rarely,Yes,2,Twice a week,10–20  Liters,No,Yes,No,Yes,Reduced travel,294
2,2,Daily,1,Sometimes,Never,3,3,Frequently,Yes,3,Twice a week,21–40 Liters,Yes,Yes,Yes,No,No change,169
1,1,Daily,1,Never,Never,3,2,Sometimes,No,2,Once a week,21–40  Liters,Yes,Yes,Yes,No,No change,416
1,2,Daily,1,Never,Never,2,3,Frequently,Yes,1,Once a week,10–20  Liters,Yes,Yes,Yes,Yes,Driving more carefully,238
2,2,Several times a week,3,Often,Often,3,2,Sometimes,Yes,3,Twice a week,81–100 Liters,Yes,No,Yes,No,No change,376
2,1,Several times a week,1,Sometimes,Sometimes,1,1,Sometimes,No,2,Once a week,61–80 Liters,Yes,Yes,Yes,Yes,Reduced travel,324
4,1,Several times a week,2,Never,Sometimes,2,3,Frequently,Yes,2,Twice a week,Less than 10 Liters,Yes,Yes,No,Yes,Changed routes,194
5,1,Daily,1,Never,Never,3,2,Sometimes,No,2,Once a week,Less than 10  Liters,Yes,Yes,Yes,No,No change,312
1,2,Several times a week,1,Sometimes,Sometimes,3,2,Frequently,Yes,2,Once a week,21–40  Liters,Yes,Yes,Yes,Yes,Reduced travel,395
4,1,Daily,2,Sometimes,Sometimes,2,3,Frequently,Yes,3,More than twice,10–20  Liters,Not sure,Yes,No,Yes,Changed routes,650
4,1,Several times a week,3,Often,Sometimes,4,2,Frequently,No,3,Twice a week,10–20 Liters,Yes,Yes,No,Yes,Changed routes,510
4,1,Daily,2,Sometimes,Sometimes,2,3,Frequently,Yes,3,More than twice,10–20  Liters,Not sure,Yes,No,Yes,Changed routes,492
4,1,Daily,1,Sometimes,Sometimes,2,1,Rarely,Yes,2,3 time per week,Less than 10  Liters,Yes,Yes,Yes,No,Reduced travel,215
5,1,Daily,1,Sometimes,Never,1,3,Frequently,Yes,1,Once a week,Less than 10 Liters,Yes,Yes,No,Yes,Reduced travel,63
4,1,Daily,2,Sometimes,Sometimes,2,3,Frequently,Yes,3,More than twice,10–20  Liters,Not sure,Yes,No,Yes,Changed routes,385
4,1,Daily,1,Never,Never,1,3,Frequently,Yes,2,Twice a week,10–20  Liters,Yes,Yes,No,Yes,Changed routes,403
5,1,Several times a week,1,Sometimes,Sometimes,2,1,Sometimes,Yes,2,Once a week,Less than 10  Liters,Yes,Yes,Yes,Yes,Reduced travel,107
4,1,Daily,2,Sometimes,Never,3,3,Frequently,Yes,2,Once a week,10–20 Liters,Not sure,Yes,No,Yes,Reduced travel,467
1,1,Daily,2,Sometimes,Sometimes,2,1,Rarely,No,3,Twice a week,21–40 Liters,Yes,Yes,Yes,No,No change,325
1,1,Daily,3,Often,Often,2,3,Frequently,Yes,3,Twice a week,10–20 Liters,Yes,Yes,Yes,No,No change,110
3,1,Daily,2,Sometimes,Sometimes,2,2,Sometimes,Yes,1,Twice a week,21–40  Liters,Yes,Yes,No,Yes,Reduced travel,395
5,1,Daily,2,Sometimes,Sometimes,2,1,Rarely,No,2,Once a week,Less than 10  Liters,Yes,Yes,Yes,Yes,"Reduced travel, Changed routes, Driving more carefully",275
1,2,Daily,1,Never,Never,2,3,Frequently,Yes,2,More than twice,10–20 Liters,Yes,Yes,Yes,No,No change,259
2,2,Daily,2,Sometimes,Sometimes,2,3,Frequently,Yes,3,Once a week,81–100 Liters,Not sure,Yes,No,Yes,Changed routes,415
3,2,Daily,2,Sometimes,Sometimes,2,3,Frequently,Yes,3,Twice a week,41–60 Liters,Yes,Yes,No,Yes,Driving more carefully,550
1,1,Several times a week,1,Sometimes,Never,1,2,Rarely,Yes,2,Once a week,10–20  Liters,Not sure,Yes,Yes,No,No change,234
1,1,Daily,1,Sometimes,Sometimes,2,2,Sometimes,Yes,2,Once a week,Less than 10 Liters,Yes,Yes,Yes,Yes,Reduced travel,116
1,1,Several times a week,2,Sometimes,Sometimes,2,2,Frequently,No,3,Twice a week,21–40 Liters,Yes,Yes,No,Yes,Driving more carefully,544
5,1,Several times a week,1,Never,Never,2,2,Sometimes,No,1,Once a week,Less than 10  Liters,Yes,Yes,No,Yes,Reduced travel,84
5,1,Several times a week,1,Sometimes,Sometimes,1,1,Sometimes,No,2,Once a week,Less than 10  Liters,Yes,Yes,Yes,Yes,Reduced travel,141
4,1,Daily,1,Never,Never,2,2,Sometimes,Yes,2,Once a week,Less than 10 Liters,Yes,Yes,No,Yes,Reduced travel,195
4,1,Daily,2,Sometimes,Sometimes,2,3,Frequently,Yes,2,Once a week,Less than 10 Liters,Yes,Yes,No,Yes,Reduced travel,100
1,2,Daily,1,Sometimes,Sometimes,3,2,Sometimes,Yes,2,Once a week,21–40  Liters,Not sure,Yes,Yes,Yes,Changed routes,319
5,1,Several times a week,1,Never,Never,2,2,Sometimes,No,1,Once a week,Less than 10  Liters,Yes,Yes,No,Yes,Reduced travel,395
4,1,Daily,2,Sometimes,Sometimes,2,3,Frequently,Yes,2,Once a week,Less than 10 Liters,Yes,Yes,No,Yes,Reduced travel,139
1,1,Several times a week,1,Never,Sometimes,2,3,Frequently,Yes,2,Once a week,21–40 Liters,Yes,Yes,Yes,No,No change,448
1,2,Daily,3,Often,Often,3,3,Frequently,Yes,2,Twice a week,10–20 Liters,Yes,Yes,Yes,No,No change,392
1,1,Daily,3,Often,Often,4,1,Rarely,No,3,More than twice,41–60 Liters,Yes,Yes,No,Yes,Reduced travel,348
1,2,Several times a week,2,Sometimes,Sometimes,2,3,Frequently,Yes,3,Once a week,21–40 Liters,Yes,Yes,No,Yes,Reduced travel,416
1,2,Daily,3,Often,Often,2,3,Frequently,Yes,2,Twice a week,10–20 Liters,Yes,Yes,Yes,No,No change,330
1,1,Daily,3,Often,Often,2,3,Frequently,Yes,3,Twice a week,10–20 Liters,Yes,Yes,Yes,No,No change,338
3,1,Daily,3,Often,Often,3,3,Frequently,Yes,3,More than twice,21–40 Liters,Yes,Yes,No,Yes,Reduced travel,395
5,1,Several times a week,2,Sometimes,Sometimes,2,2,Sometimes,No,2,More than twice,Less than 10  Liters,Not sure,Yes,Yes,Yes,"Reduced travel, Changed routes",264
5,1,Daily,3,Often,Sometimes,2,3,Frequently,Yes,3,Twice a week,Less than 10  Liters,Yes,Yes,No,Yes,Reduced travel,460
5,1,Daily,2,Often,Sometimes,3,3,Frequently,Yes,1,Once a week,Less than 10 Liters,Yes,No,Yes,No,No change,220
1,1,Daily,2,Never,Sometimes,3,1,Rarely,No,3,Twice a week,21–40 Liters,Yes,No,Yes,Yes,Changed routes,328
1,1,Daily,2,Sometimes,Sometimes,2,1,Rarely,No,3,Twice a week,21–40 Liters,Yes,Yes,Yes,No,No change,299
1,1,Daily,1,Sometimes,Sometimes,2,3,Frequently,Yes,2,Twice a week,10–20  Liters,Not sure,Yes,Yes,No,Reduced travel,256
4,1,Daily,1,Sometimes,Never,1,3,Frequently,Yes,2,Twice a week,Less than 10 Liters,Yes,Yes,No,Yes,Reduced travel,290
2,2,Several times a week,2,Sometimes,Sometimes,2,1,Rarely,Yes,1,Once a week,10–20  Liters,Yes,Yes,Yes,No,Reduced travel,82
1,2,Daily,1,Never,Never,2,3,Frequently,Yes,2,Twice a week,10–20 Liters,Yes,Yes,Yes,No,No change,112
2,2,Daily,1,Never,Never,2,2,Frequently,Yes,3,Once a week,81–100 Liters,Yes,Yes,No,Yes,Driving more carefully,520
3,1,Daily,2,Sometimes,Sometimes,2,1,Sometimes,Yes,2,More than twice,21–40  Liters,Yes,Yes,Yes,No,No change,403
4,1,Several times a week,3,Often,Often,3,2,Sometimes,Yes,3,More than twice,10–20 Liters,Yes,Yes,No,Yes,Driving more carefully,398
1,1,Daily,2,Sometimes,Never,3,3,Frequently,Yes,3,Once a week,21–40 Liters,Yes,Yes,No,Yes,Driving more carefully,425
5,1,Daily,2,Sometimes,Sometimes,3,3,Frequently,Yes,1,Once a week,Less than 10 Liters,Yes,Yes,No,Yes,Reduced travel,143
1,2,Several times a week,2,Sometimes,Sometimes,3,1,Rarely,No,2,Once a week,41–60 Liters,Yes,Yes,No,Yes,Driving more carefully,431
3,1,Daily,3,Often,Often,2,3,Frequently,Yes,3,More than twice,21–40 Liters,Yes,Yes,No,Yes,Reduced travel,348
1,2,Daily,2,Sometimes,Never,2,2,Sometimes,Yes,3,Twice a week,41–60 Liters,Yes,Yes,No,Yes,Driving more carefully,194
6,2,Occasionally,3,Sometimes,Often,4,2,Sometimes,No,3,Once a week,More than 100 Liters,Yes,Yes,No,Yes,Driving more carefully,823
5,1,Daily,2,Sometimes,Often,2,2,Sometimes,Yes,1,Once a week,Less than 10 Liters,Yes,Yes,Yes,Yes,Driving more carefully,174
1,1,Daily,2,Sometimes,Never,2,3,Frequently,Yes,3,Once a week,21–40 Liters,Yes,Yes,No,Yes,Driving more carefully,381
1,2,Daily,3,Often,Often,3,3,Frequently,Yes,3,More than twice,10–20 Liters,Yes,Yes,Yes,No,No change,130
3,1,Daily,2,Sometimes,Sometimes,3,2,Sometimes,Yes,3,Twice a week,Less than 10  Liters,Yes,Yes,No,Yes,Reduced travel,110
4,1,Daily,2,Sometimes,Sometimes,2,2,Frequently,No,2,Once a week,10–20 Liters,Yes,Yes,No,Yes,Changed routes,359
4,1,Daily,2,Never,Often,3,3,Frequently,Yes,2,Once a week,10–20 Liters,Yes,No,Yes,No,No change,412
4,1,Several times a week,2,Sometimes,Sometimes,3,2,Sometimes,Yes,2,Twice a week,10–20 Liters,Yes,Yes,Yes,No,No change,574
1,1,Daily,1,Never,Never,2,2,Sometimes,Yes,2,Once a week,41–60 Liters,Yes,Yes,No,Yes,Reduced travel,442
5,2,Daily,2,Sometimes,Sometimes,2,3,Frequently,Yes,3,Once a week,More than 100 Liters,Not sure,Yes,No,Yes,Changed routes,408
4,1,Daily,3,Sometimes,Often,3,2,Sometimes,No,3,Twice a week,10–20  Liters,Yes,Yes,No,Yes,Reduced travel,386
3,2,Daily,3,Often,Often,3,3,Frequently,Yes,3,More than twice,41–60 Liters,Yes,Yes,No,Yes,Reduced travel,665
5,1,Daily,1,Sometimes,Sometimes,2,2,Sometimes,Yes,2,More than twice,Less than 10  Liters,Yes,Yes,Yes,Yes,Driving more carefully,215
1,1,Daily,2,Sometimes,Sometimes,3,2,Sometimes,Yes,3,Once a week,21–40 Liters,Yes,Yes,No,Yes,Changed routes,367
1,2,Several times a week,1,Never,Never,2,2,Sometimes,No,2,Twice a week,21–40 Liters,No,Yes,No,Yes,Reduced travel,349
1,1,Several times a week,2,Sometimes,Sometimes,3,2,Frequently,Yes,2,Once a week,10–20  Liters,Yes,Yes,Yes,Yes,Reduced travel,117
1,1,Daily,1,Sometimes,Sometimes,3,2,Sometimes,Yes,2,Once a week,10–20 Liters,Yes,Yes,Yes,No,No change,346
3,2,Daily,2,Sometimes,Never,1,3,Frequently,Yes,3,Once a week,41–60 Liters,Yes,Yes,No,Yes,Reduced travel,604
1,2,Daily,1,Never,Never,3,1,Sometimes,Yes,2,More than twice,10–20  Liters,Yes,Yes,Yes,Yes,Reduced travel,370
1,1,Daily,2,Sometimes,Sometimes,4,2,Frequently,Yes,3,Twice a week,21–40 Liters,Yes,Yes,No,Yes,Reduced travel,296
4,1,Daily,3,Often,Often,3,3,Frequently,Yes,3,Once a week,10–20 Liters,Yes,Yes,No,Yes,Reduced travel,410
1,1,Several times a week,1,Never,Sometimes,2,3,Frequently,Yes,2,Once a week,21–40 Liters,Yes,Yes,Yes,No,No change,400
3,2,Daily,2,Sometimes,Sometimes,2,2,Sometimes,No,2,Once a week,21–40 Liters,Yes,Yes,No,Yes,"Changed routes, Driving more carefully",269
4,1,Daily,2,Sometimes,Sometimes,2,2,Frequently,No,2,Once a week,10–20  Liters,Not sure,Yes,No,Yes,"Reduced travel, Changed routes, Driving more carefully",350
5,1,Several times a week,2,Sometimes,Sometimes,3,2,Sometimes,Yes,2,Once a week,Less than 10  Liters,Yes,No,No,Yes,Reduced travel,53
1,2,Daily,1,Never,Never,2,3,Frequently,Yes,2,More than twice,10–20 Liters,Yes,No,Yes,No,No change,336
1,1,Daily,1,Never,Never,1,2,Sometimes,Yes,2,Once a week,21–40 Liters,Yes,Yes,No,Yes,Reduced travel,256
5,1,Daily,1,Never,Sometimes,1,3,Frequently,Yes,3,Twice a week,Less than 10  Liters,Yes,Yes,No,Yes,Changed routes,269
2,2,Occasionally,2,Sometimes,Never,2,3,Frequently,Yes,3,Once a week,61–80 Liters,Yes,Yes,No,Yes,Reduced travel,402
1,1,Daily,2,Sometimes,Never,3,3,Frequently,Yes,3,Once a week,21–40 Liters,Yes,Yes,No,Yes,Driving more carefully,410
5,1,Several times a week,2,Sometimes,Never,3,2,Sometimes,No,1,Once a week,Less than 10  Liters,Yes,Yes,Yes,No,No change,147
5,1,Several times a week,2,Often,Sometimes,2,3,Frequently,Yes,1,Twice a week,Less than 10 Liters,Not sure,Yes,Yes,Yes,Changed routes,208
4,1,Daily,2,Never,Often,3,3,Frequently,Yes,2,Once a week,10–20 Liters,Yes,No,Yes,No,No change,320
1,1,Daily,1,Sometimes,Sometimes,1,2,Sometimes,Yes,2,More than twice,21–40  Liters,No,Yes,No,Yes,Changed routes,362
1,2,Daily,1,Never,Never,2,2,Sometimes,Yes,2,Twice a week,21–40 Liters,Yes,Yes,No,Yes,Driving more carefully,303
2,2,Daily,3,Often,Often,4,2,Frequently,Yes,3,Once a week,21–40 Liters,Yes,Yes,No,Yes,Reduced travel,188
1,2,Daily,1,Never,Never,3,1,Sometimes,Yes,2,More than twice,10–20  Liters,Yes,Yes,Yes,Yes,Reduced travel,370
1,1,Daily,1,Sometimes,Sometimes,3,2,Sometimes,Yes,2,Once a week,10–20 Liters,Yes,Yes,Yes,No,No change,401
1,1,Daily,2,Sometimes,Sometimes,3,2,Sometimes,Yes,3,Once a week,21–40 Liters,Yes,Yes,No,Yes,Changed routes,341
4,1,Several times a week,3,Often,Sometimes,4,2,Frequently,No,3,Twice a week,10–20 Liters,Yes,Yes,No,Yes,Changed routes,310
1,1,Daily,2,Never,Sometimes,3,1,Rarely,No,3,Twice a week,21–40 Liters,Yes,No,Yes,Yes,Changed routes,271
1,1,Daily,2,Sometimes,Never,2,3,Frequently,Yes,3,Twice a week,21–40 Liters,Yes,Yes,No,Yes,Reduced travel,276
1,1,Several times a week,1,Sometimes,Often,2,2,Sometimes,Yes,2,Twice a week,10–20  Liters,Not sure,Yes,Yes,No,No change,128
5,1,Daily,2,Sometimes,Never,3,3,Frequently,Yes,1,Once a week,Less than 10 Liters,Yes,Yes,No,Yes,Reduced travel,191
4,1,Daily,1,Sometimes,Sometimes,1,2,Frequently,Yes,2,Once a week,10–20 Liters,No,Yes,No,Yes,Reduced travel,290
1,1,Several times a week,1,Sometimes,Sometimes,2,1,Rarely,No,1,Twice a week,10–20  Liters,Yes,Yes,Yes,Yes,No change,115
4,1,Daily,3,Often,Often,3,3,Frequently,Yes,3,Once a week,10–20 Liters,Yes,Yes,No,Yes,Reduced travel,420
5,1,Daily,2,Sometimes,Sometimes,1,1,Sometimes,Yes,2,Once a week,Less than 10  Liters,Yes,No,Yes,Yes,Reduced travel,390
3,1,Daily,3,Often,Often,2,3,Frequently,Yes,3,Twice a week,41–60 Liters,Yes,Yes,No,Yes,Reduced travel,504
5,1,Several times a week,2,Never,Never,2,3,Frequently,Yes,1,Once a week,Less than 10 Liters,Not sure,Yes,No,Yes,Reduced travel,165
5,1,Occasionally,2,Sometimes,Never,3,2,Frequently,No,1,Once a week,Less than 10  Liters,Yes,Yes,No,Yes,Reduced travel,65
1,2,Daily,2,Sometimes,Sometimes,4,1,Rarely,No,3,Twice a week,21–40 Liters,Yes,Yes,Yes,No,No change,379
4,1,Daily,2,Sometimes,Sometimes,2,3,Frequently,Yes,3,More than twice,10–20  Liters,Not sure,Yes,No,Yes,Changed routes,419
4,1,Daily,2,Sometimes,Sometimes,2,2,Sometimes,No,2,Once a week,10–20  Liters,Yes,Yes,No,Yes,"Reduced travel, Driving more carefully",382
1,1,Several times a week,1,Sometimes,Sometimes,2,2,Sometimes,No,2,Once a week,Less than 10  Liters,Yes,Yes,Yes,Yes,Driving more carefully,141
1,1,Daily,1,Never,Never,2,2,Sometimes,Yes,2,Once a week,10–20 Liters,Yes,Yes,No,Yes,Reduced travel,231
5,1,Daily,1,Sometimes,Sometimes,2,2,Sometimes,No,1,Once a week,Less than 10 Liters,Yes,Yes,Yes,No,No change,153
5,1,Daily,2,Sometimes,Sometimes,2,1,Sometimes,Yes,2,Once a week,Less than 10  Liters,Yes,No,Yes,Yes,Reduced travel,188
4,1,Several times a week,2,Never,Sometimes,2,3,Frequently,Yes,2,Twice a week,Less than 10 Liters,Yes,Yes,No,Yes,Changed routes,203
1,1,Daily,2,Sometimes,Often,2,3,Frequently,Yes,3,Twice a week,21–40 Liters,Yes,Yes,Yes,Yes,Driving more carefully,320
5,1,Occasionally,1,Sometimes,Sometimes,2,2,Sometimes,Yes,1,Once a week,Less than 10  Liters,Yes,Yes,Yes,No,"Reduced travel, Driving more carefully",224
1,2,Daily,1,Never,Never,2,3,Frequently,Yes,2,Once a week,10–20 Liters,Yes,No,Yes,No,No change,279
5,1,Daily,3,Often,Often,3,2,Sometimes,No,2,Once a week,Less than 10 Liters,Yes,Yes,Yes,No,No change,271
5,1,Occasionally,1,Sometimes,Sometimes,2,2,Sometimes,Yes,2,More than twice,Less than 10  Liters,No,Yes,Yes,Yes,Driving more carefully,54
5,1,Daily,2,Sometimes,Sometimes,3,1,Rarely,No,1,Once a week,Less than 10 Liters,Yes,Yes,No,Yes,Reduced travel,57
1,1,Daily,2,Sometimes,Sometimes,2,3,Frequently,Yes,3,Once a week,21–40 Liters,Yes,Yes,No,Yes,Changed routes,367
5,1,Several times a week,2,Sometimes,Sometimes,3,2,Frequently,Yes,2,Once a week,Less than 10  Liters,Yes,Yes,Yes,Yes,Reduced travel,102
2,1,Daily,2,Sometimes,Sometimes,1,2,Rarely,Yes,2,More than twice,41–60 Liters,Yes,Yes,Yes,No,No change,255
2,2,Daily,2,Sometimes,Sometimes,2,3,Frequently,Yes,3,Once a week,61–80 Liters,Not sure,Yes,No,Yes,Changed routes,362
1,1,Several times a week,1,Never,Never,4,1,Rarely,No,2,Once a week,21–40  Liters,Yes,Yes,No,Yes,Driving more carefully,356
4,1,Occasionally,2,Sometimes,Sometimes,2,2,Sometimes,Yes,2,Once a week,10–20  Liters,No,Yes,No,Yes,Changed routes,574
5,1,Several times a week,2,Sometimes,Sometimes,2,2,Sometimes,No,1,Once a week,Less than 10  Liters,No,Yes,Yes,No,Reduced travel,265
2,2,Daily,2,Never,Sometimes,2,2,Sometimes,Yes,2,Twice a week,61–80 Liters,Yes,Yes,No,Yes,Reduced travel,314
1,2,Several times a week,2,Sometimes,Sometimes,3,1,Rarely,No,1,Once a week,10–20 Liters,Yes,Yes,Yes,No,No change,290
5,1,Several times a week,2,Sometimes,Sometimes,2,2,Sometimes,Yes,1,Twice a week,Less than 10 Liters,Yes,Yes,Yes,Yes,Reduced travel,228
1,1,Occasionally,2,Sometimes,Sometimes,3,1,Rarely,No,3,Once a week,Less than 10  Liters,Yes,Yes,No,Yes,Changed routes,113
5,1,Several times a week,1,Never,Never,3,3,Frequently,Yes,1,Once a week,Less than 10 Liters,Yes,Yes,No,Yes,Reduced travel,220
4,1,Daily,1,Never,Never,3,1,Rarely,No,2,Twice a week,10–20 Liters,Yes,Yes,No,Yes,Reduced travel,516
4,1,Daily,3,Sometimes,Often,5,2,Frequently,No,3,Twice a week,10–20 Liters,Yes,Yes,No,Yes,Reduced travel,502
1,1,Daily,1,Sometimes,Often,3,2,Sometimes,Yes,2,Twice a week,21–40  Liters,Yes,Yes,Yes,Yes,Driving more carefully,390
1,1,Several times a week,1,Never,Never,2,2,Sometimes,No,1,Once a week,10–20 Liters,Yes,Yes,No,Yes,Reduced travel,107
1,2,Daily,1,Sometimes,Sometimes,2,2,Sometimes,Yes,2,Once a week,21–40  Liters,Not sure,Yes,Yes,Yes,Changed routes,349
1,2,Several times a week,2,Sometimes,Sometimes,2,2,Sometimes,Yes,2,Once a week,21–40  Liters,Not sure,Yes,Yes,Yes,Changed routes,402
2,1,Several times a week,2,Often,Sometimes,2,3,Frequently,Yes,1,Twice a week,41–60 Liters,Not sure,Yes,Yes,Yes,Changed routes,261
5,1,Daily,3,Often,Often,2,3,Frequently,Yes,3,Twice a week,Less than 10  Liters,Yes,Yes,No,Yes,Reduced travel,261
1,1,Daily,2,Sometimes,Sometimes,2,2,Sometimes,Yes,3,Once a week,21–40 Liters,Yes,Yes,No,Yes,Reduced travel,401
1,1,Daily,2,Sometimes,Sometimes,3,2,Sometimes,Yes,2,Twice a week,21–40  Liters,Yes,Yes,Yes,No,No change,427
5,1,Several times a week,2,Never,Never,2,3,Frequently,Yes,1,Once a week,Less than 10 Liters,Not sure,Yes,No,Yes,Reduced travel,162
5,1,Occasionally,3,Often,Often,5,1,Rarely,No,3,Once a week,Less than 10  Liters,Yes,Yes,No,Yes,Reduced travel,290
3,1,Daily,3,Often,Often,3,3,Frequently,Yes,3,More than twice,21–40 Liters,Yes,Yes,No,Yes,Reduced travel,263
1,1,Daily,2,Sometimes,Often,2,3,Frequently,Yes,3,Twice a week,21–40 Liters,Yes,Yes,Yes,Yes,Driving more carefully,394
5,1,Daily,1,Sometimes,Sometimes,2,3,Frequently,Yes,2,Once a week,Less than 10  Liters,Yes,Yes,Yes,Yes,Reduced travel,91
1,2,Daily,2,Sometimes,Sometimes,3,3,Frequently,Yes,2,Once a week,10–20 Liters,Yes,Yes,Yes,Yes,Driving more carefully,289
3,1,Daily,2,Sometimes,Sometimes,2,2,Sometimes,Yes,3,Twice a week,41–60 Liters,Yes,Yes,No,Yes,Reduced travel,514
1,2,Several times a week,1,Never,Never,3,1,Rarely,No,1,Once a week,10–20  Liters,Yes,Yes,Yes,Yes,Driving more carefully,266
5,1,Daily,2,Sometimes,Sometimes,2,2,Frequently,Yes,2,Daily,Less than 10  Liters,Yes,Yes,No,Yes,No change,340
4,1,Daily,2,Never,Sometimes,3,2,Sometimes,Yes,2,Once a week,10–20 Liters,Yes,Yes,No,Yes,Reduced travel,408
5,1,Daily,2,Sometimes,Sometimes,2,2,Sometimes,Yes,2,More than twice,Less than 10  Liters,Yes,Yes,No,Yes,Reduced travel,93
3,2,Several times a week,1,Never,Never,3,2,Sometimes,No,2,Once a week,41–60 Liters,Not sure,Yes,Yes,Yes,Driving more carefully,668
1,1,Daily,2,Sometimes,Sometimes,3,2,Sometimes,No,2,Twice a week,10–20  Liters,No,Yes,Yes,No,No change,235
5,1,Daily,2,Sometimes,Often,2,2,Sometimes,Yes,1,Once a week,Less than 10 Liters,Yes,Yes,Yes,Yes,Driving more carefully,189
1,1,Daily,2,Sometimes,Sometimes,2,3,Frequently,Yes,3,Twice a week,Less than 10  Liters,Yes,Yes,No,Yes,Changed routes,134
5,1,Several times a week,1,Sometimes,Sometimes,1,1,Sometimes,No,2,Once a week,Less than 10  Liters,Yes,Yes,Yes,Yes,Reduced travel,130
5,1,Daily,2,Sometimes,Sometimes,2,1,Rarely,No,2,Twice a week,Less than 10  Liters,Yes,Yes,Yes,Yes,"Reduced travel, Changed routes, Driving more carefully",231
1,1,Several times a week,1,Never,Never,2,2,Sometimes,Yes,2,Twice a week,21–40 Liters,Yes,Yes,No,Yes,Reduced travel,429
2,2,Several times a week,2,Sometimes,Sometimes,2,1,Rarely,Yes,1,Once a week,81–100 Liters,Yes,Yes,Yes,No,Reduced travel,490
4,1,Occasionally,3,Often,Often,2,2,Frequently,No,3,Once a week,10–20 Liters,Yes,Yes,No,Yes,Reduced travel,436
2,2,Daily,2,Sometimes,Often,2,3,Frequently,Yes,3,More than twice,61–80 Liters,Yes,Yes,No,Yes,Reduced travel,361
1,1,Daily,3,Often,Sometimes,5,1,Rarely,No,3,Twice a week,21–40 Liters,Yes,No,Yes,No,No change,382
5,1,Daily,2,Sometimes,Never,2,2,Sometimes,No,2,Once a week,Less than 10  Liters,Yes,Yes,Yes,No,No change,270
1,1,Daily,3,Sometimes,Often,2,3,Frequently,Yes,3,Once a week,Less than 10  Liters,Yes,Yes,No,Yes,Reduced travel,83
1,2,Daily,3,Often,Often,2,3,Frequently,Yes,2,Once a week,10–20 Liters,Yes,Yes,Yes,No,No change,193
4,1,Several times a week,3,Often,Often,3,2,Sometimes,Yes,3,More than twice,10–20 Liters,Yes,Yes,No,Yes,Driving more carefully,395
4,1,Daily,1,Never,Never,1,3,Frequently,Yes,2,Twice a week,10–20  Liters,Yes,Yes,No,Yes,Changed routes,652
1,1,Daily,2,Sometimes,Sometimes,2,1,Rarely,No,3,Twice a week,21–40 Liters,Yes,Yes,Yes,No,No change,360
5,1,Several times a week,2,Never,Never,2,3,Frequently,Yes,1,Once a week,Less than 10 Liters,Not sure,Yes,No,Yes,Reduced travel,191
4,1,Daily,2,Sometimes,Sometimes,1,3,Frequently,Yes,3,Twice a week,10–20  Liters,Yes,Yes,No,Yes,Reduced travel,374
1,2,Daily,2,Sometimes,Sometimes,2,2,Sometimes,No,3,Twice a week,21–40 Liters,Yes,Yes,No,Yes,Reduced travel,370
3,2,Several times a week,1,Never,Never,3,2,Sometimes,No,2,Once a week,41–60 Liters,Not sure,Yes,Yes,Yes,Driving more carefully,614
1,1,Occasionally,2,Sometimes,Sometimes,3,3,Frequently,Yes,3,Once a week,Less than 10  Liters,Yes,Yes,No,Yes,Changed routes,91
1,1,Several times a week,1,Never,Sometimes,2,3,Frequently,Yes,2,Once a week,21–40 Liters,Yes,Yes,Yes,No,No change,489
1,1,Occasionally,3,Often,Often,4,1,Rarely,No,3,Once a week,10–20 Liters,Yes,Yes,No,Yes,Reduced travel,190
1,1,Occasionally,2,Sometimes,Sometimes,3,1,Rarely,No,3,Once a week,Less than 10  Liters,Yes,Yes,No,Yes,Changed routes,90
5,1,Daily,1,Sometimes,Never,2,2,Sometimes,No,1,Twice a week,Less than 10 Liters,Yes,Yes,Yes,No,No change,193
2,2,Daily,2,Never,Sometimes,2,2,Sometimes,Yes,2,Twice a week,21–40 Liters,Yes,Yes,No,Yes,Reduced travel,196
5,1,Daily,1,Sometimes,Never,1,3,Frequently,Yes,1,Once a week,Less than 10 Liters,Yes,Yes,No,Yes,Reduced travel,64
4,1,Occasionally,3,Often,Often,3,2,Frequently,No,3,Once a week,10–20 Liters,Yes,Yes,No,Yes,Reduced travel,459
5,1,Daily,1,Never,Sometimes,2,2,Sometimes,Yes,1,Once a week,Less than 10  Liters,Yes,Yes,Yes,No,No change,240
4,1,Several times a week,3,Often,Sometimes,4,2,Frequently,No,3,Twice a week,10–20 Liters,Yes,Yes,No,Yes,Changed routes,411
1,1,Occasionally,1,Never,Never,2,2,Frequently,Yes,2,Once a week,21–40 Liters,Yes,Yes,No,Yes,Reduced travel,372
5,1,Daily,2,Sometimes,Sometimes,2,1,Frequently,No,3,More than twice,Less than 10  Liters,No,Yes,Yes,Yes,Reduced travel,67
3,1,Daily,1,Never,Sometimes,1,3,Frequently,Yes,3,Once a week,21–40 Liters,Yes,Yes,No,Yes,Reduced travel,493
5,1,Daily,2,Sometimes,Sometimes,2,3,Frequently,Yes,1,Once a week,Less than 10 Liters,No,Yes,Yes,No,No change,62
3,1,Several times a week,3,Often,Often,3,3,Frequently,Yes,3,Twice a week,41–60 Liters,Yes,Yes,No,Yes,Reduced travel,598
4,1,Daily,3,Sometimes,Often,4,2,Sometimes,No,3,More than twice,10–20 Liters,Yes,Yes,No,Yes,Reduced travel,355
5,1,Daily,1,Sometimes,Sometimes,2,2,Sometimes,Yes,2,More than twice,Less than 10  Liters,Yes,Yes,Yes,Yes,Driving more carefully,410
1,1,Daily,2,Sometimes,Sometimes,2,3,Frequently,Yes,3,Once a week,21–40 Liters,Yes,Yes,No,Yes,Changed routes,399
1,1,Daily,2,Never,Never,3,2,Sometimes,Yes,3,Twice a week,10–20 Liters,Yes,Yes,Yes,No,No change,221
3,1,Daily,2,Sometimes,Sometimes,3,3,Frequently,Yes,3,Once a week,21–40 Liters,No,Yes,No,Yes,Reduced travel,341
1,1,Several times a week,2,Sometimes,Sometimes,3,3,Frequently,Yes,3,Twice a week,10–20 Liters,Yes,Yes,Yes,No,No change,191
5,1,Daily,2,Often,Often,1,2,Frequently,No,2,More than twice,Less than 10  Liters,Yes,Yes,Yes,No,No change,65
1,2,Daily,2,Sometimes,Never,2,2,Sometimes,No,1,Once a week,10–20 Liters,Not sure,Yes,Yes,No,No change,182
2,2,Several times a week,2,Sometimes,Sometimes,4,2,Sometimes,Yes,3,Twice a week,61–80 Liters,No,Yes,No,Yes,Reduced travel,341
4,1,Daily,2,Sometimes,Sometimes,3,3,Frequently,Yes,3,Once a week,Less than 10 Liters,Yes,Yes,No,Yes,Reduced travel,211
3,2,Daily,2,Never,Sometimes,3,3,Frequently,Yes,3,More than twice,41–60 Liters,Not sure,Yes,No,Yes,Reduced travel,708
5,1,Several times a week,2,Often,Sometimes,2,3,Frequently,Yes,1,Twice a week,Less than 10 Liters,Not sure,Yes,Yes,Yes,Changed routes,234
1,2,Daily,1,Sometimes,Never,2,3,Frequently,Yes,2,More than twice,21–40 Liters,Yes,Yes,No,Yes,Reduced travel,413
1,2,Several times a week,2,Sometimes,Sometimes,3,2,Sometimes,No,3,Once a week,21–40 Liters,Not sure,Yes,No,Yes,Reduced travel,359
2,2,Several times a week,2,Sometimes,Sometimes,3,3,Frequently,Yes,3,Twice a week,81–100 Liters,Yes,Yes,No,Yes,Reduced travel,450
1,2,Daily,1,Never,Never,2,3,Frequently,Yes,2,Twice a week,10–20 Liters,Yes,Yes,Yes,No,No change,99
5,1,Several times a week,2,Often,Often,3,2,Frequently,Yes,2,Once a week,Less than 10  Liters,Yes,Yes,No,Yes,"Reduced travel, Driving more carefully",67
3,1,Daily,2,Sometimes,Sometimes,3,3,Frequently,Yes,3,Once a week,10–20 Liters,Yes,Yes,Yes,No,No change,115
5,1,Daily,2,Sometimes,Often,2,2,Sometimes,Yes,1,Daily,Less than 10 Liters,Yes,Yes,Yes,Yes,Driving more carefully,500
5,1,Several times a week,1,Sometimes,Sometimes,1,1,Sometimes,No,2,Once a week,Less than 10  Liters,Yes,Yes,Yes,Yes,Reduced travel,121
4,1,Daily,1,Never,Never,4,3,Frequently,Yes,2,Twice a week,Less than 10 Liters,Yes,Yes,No,Yes,Changed routes,120
1,1,Several times a week,2,Sometimes,Sometimes,2,2,Sometimes,Yes,2,Once a week,10–20  Liters,Not sure,Yes,Yes,Yes,Reduced travel,222
1,2,Several times a week,1,Never,Never,3,1,Rarely,No,1,Once a week,10–20  Liters,Yes,Yes,Yes,Yes,Driving more carefully,227
5,2,Daily,2,Sometimes,Never,3,3,Frequently,Yes,3,Once a week,Less than 10  Liters,Not sure,Yes,Yes,Yes,Changed routes,258
4,1,Daily,1,Never,Never,1,3,Frequently,Yes,2,Twice a week,10–20  Liters,Yes,Yes,Yes,No,No change,362
1,2,Several times a week,3,Sometimes,Often,5,2,Sometimes,No,1,Once a week,21–40 Liters,Yes,Yes,No,Yes,Reduced travel,440
1,2,Daily,1,Sometimes,Never,2,3,Frequently,Yes,2,Once a week,21–40 Liters,Yes,Yes,No,Yes,Reduced travel,420
4,1,Daily,1,Never,Never,3,1,Rarely,No,2,Twice a week,10–20 Liters,Yes,Yes,No,Yes,Reduced travel,376
2,1,Daily,1,Never,Never,2,2,Sometimes,Yes,2,Once a week,41–60 Liters,Yes,Yes,No,Yes,Reduced travel,236
5,1,Daily,2,Often,Sometimes,3,3,Frequently,Yes,1,Once a week,Less than 10 Liters,Yes,No,Yes,No,No change,246
1,1,Daily,3,Often,Sometimes,2,3,Frequently,Yes,3,Twice a week,Less than 10  Liters,Yes,Yes,No,Yes,Reduced travel,139
5,1,Daily,1,Sometimes,Sometimes,2,3,Frequently,Yes,2,Once a week,Less than 10  Liters,Yes,Yes,Yes,Yes,Reduced travel,99
5,1,Daily,2,Often,Often,1,2,Frequently,No,2,More than twice,Less than 10  Liters,Yes,Yes,Yes,No,No change,68
2,2,Several times a week,3,Often,Often,2,2,Sometimes,Yes,3,Twice a week,81–100 Liters,Yes,No,Yes,No,No change,422
3,1,Daily,3,Often,Often,3,3,Frequently,Yes,3,More than twice,21–40 Liters,Yes,Yes,No,Yes,Reduced travel,473
1,1,Daily,2,Sometimes,Sometimes,3,2,Sometimes,Yes,2,More than twice,21–40  Liters,Yes,Yes,Yes,No,No change,427
1,1,Occasionally,2,Sometimes,Sometimes,3,1,Rarely,No,3,Once a week,21–40  Liters,Yes,Yes,No,Yes,Changed routes,377
4,1,Daily,2,Never,Often,3,3,Frequently,Yes,2,Once a week,10–20 Liters,Yes,No,Yes,No,No change,453
2,2,Several times a week,2,Sometimes,Sometimes,3,3,Frequently,Yes,3,Twice a week,81–100 Liters,Yes,Yes,No,Yes,Reduced travel,431
1,1,Daily,2,Never,Never,3,2,Sometimes,Yes,3,Twice a week,10–20 Liters,Yes,Yes,Yes,No,No change,230
5,1,Occasionally,1,Sometimes,Sometimes,2,2,Sometimes,Yes,1,Once a week,Less than 10  Liters,Yes,Yes,Yes,No,"Reduced travel, Driving more carefully",254
1,1,Several times a week,2,Often,Sometimes,3,3,Frequently,Yes,2,Twice a week,10–20 Liters,Yes,Yes,No,Yes,Driving more carefully,232
1,2,Daily,1,Never,Never,2,2,Sometimes,Yes,1,Twice a week,10–20  Liters,Yes,Yes,Yes,No,No change,240
4,1,Several times a week,1,Sometimes,Sometimes,2,1,Rarely,No,1,Twice a week,10–20  Liters,Yes,Yes,Yes,Yes,No change,482
5,1,Daily,1,Never,Never,3,2,Sometimes,No,2,Once a week,Less than 10  Liters,Yes,Yes,Yes,No,No change,288
3,1,Occasionally,1,Never,Never,2,2,Sometimes,No,2,Once a week,41–60 Liters,Yes,Yes,No,Yes,Changed routes,579
3,2,Daily,3,Often,Often,2,3,Frequently,Yes,3,More than twice,21–40 Liters,Yes,Yes,No,Yes,Reduced travel,479
3,1,Several times a week,2,Sometimes,Never,2,3,Frequently,No,2,Once a week,21–40  Liters,Yes,Yes,No,Yes,"Reduced travel, Changed routes, Driving more carefully",279
4,1,Occasionally,1,Sometimes,Never,2,1,Rarely,No,2,Once a week,10–20 Liters,Yes,Yes,Yes,Yes,Driving more carefully,419
2,2,Daily,2,Sometimes,Sometimes,3,3,Frequently,Yes,2,Once a week,10–20 Liters,Yes,Yes,Yes,Yes,Driving more carefully,92
1,2,Daily,1,Never,Never,3,1,Sometimes,Yes,2,More than twice,10–20  Liters,Yes,Yes,Yes,Yes,Reduced travel,256
1,1,Several times a week,2,Sometimes,Sometimes,2,2,Sometimes,Yes,2,Once a week,Less than 10  Liters,Yes,Yes,Yes,No,Changed routes,100
1,2,Daily,2,Sometimes,Sometimes,4,1,Rarely,No,3,Twice a week,21–40 Liters,Yes,Yes,Yes,No,No change,350
5,1,Several times a week,2,Often,Sometimes,2,3,Frequently,Yes,1,Twice a week,Less than 10 Liters,Not sure,Yes,Yes,Yes,Changed routes,277
3,1,Daily,2,Sometimes,Sometimes,3,2,Sometimes,No,2,More than twice,21–40 Liters,Yes,Yes,Yes,No,No change,395
5,1,Daily,2,Sometimes,Often,3,1,Rarely,No,1,Once a week,Less than 10 Liters,Yes,Yes,Yes,Yes,Changed routes,111
1,1,Daily,2,Sometimes,Often,2,2,Frequently,No,2,Twice a week,Less than 10  Liters,Yes,Yes,No,Yes,Reduced travel,110
1,1,Several times a week,2,Sometimes,Sometimes,2,2,Sometimes,Yes,2,Once a week,Less than 10  Liters,Yes,Yes,Yes,No,Changed routes,101
4,1,Daily,2,Often,Sometimes,2,2,Sometimes,Yes,2,Twice a week,10–20 Liters,Yes,Yes,No,Yes,Reduced travel,518
1,2,Daily,1,Never,Never,2,3,Frequently,Yes,2,Twice a week,10–20 Liters,Yes,Yes,Yes,No,No change,192
3,1,Daily,2,Sometimes,Sometimes,2,1,Sometimes,Yes,2,More than twice,21–40  Liters,Yes,Yes,Yes,No,No change,425
1,1,Daily,1,Sometimes,Never,1,3,Frequently,Yes,2,Once a week,21–40 Liters,Not sure,Yes,No,Yes,Reduced travel,366
4,1,Daily,2,Never,Sometimes,3,2,Sometimes,Yes,2,Once a week,10–20 Liters,Yes,Yes,No,Yes,Reduced travel,299
1,1,Daily,1,Sometimes,Sometimes,2,3,Frequently,Yes,2,Once a week,21–40 Liters,Yes,Yes,No,Yes,Reduced travel,368
5,1,Several times a week,1,Sometimes,Sometimes,2,1,Rarely,No,1,Twice a week,Less than 10  Liters,Yes,Yes,Yes,Yes,No change,151
1,1,Daily,1,Never,Never,2,2,Frequently,Yes,2,Once a week,10–20 Liters,Yes,Yes,No,Yes,Reduced travel,220
1,2,Daily,2,Sometimes,Sometimes,2,2,Sometimes,No,3,Twice a week,21–40 Liters,Yes,Yes,No,Yes,Reduced travel,407
4,1,Occasionally,2,Sometimes,Sometimes,2,2,Sometimes,Yes,2,Once a week,10–20  Liters,No,Yes,No,Yes,Changed routes,318
2,2,Several times a week,2,Never,Sometimes,3,2,Sometimes,Yes,3,Twice a week,61–80 Liters,No,Yes,No,Yes,Driving more carefully,333
1,2,Daily,1,Never,Never,2,2,Sometimes,Yes,1,Once a week,Less than 10  Liters,Yes,Yes,Yes,No,No change,92
1,1,Several times a week,1,Sometimes,Sometimes,2,2,Sometimes,No,2,Once a week,Less than 10  Liters,Yes,Yes,Yes,Yes,Driving more carefully,106
1,2,Daily,3,Often,Often,3,2,Sometimes,Yes,3,More than twice,10–20  Liters,Yes,Yes,No,Yes,Driving more carefully,214
1,2,Several times a week,1,Never,Never,3,1,Rarely,No,1,Once a week,10–20  Liters,Yes,Yes,Yes,Yes,Driving more carefully,221
4,1,Daily,3,Sometimes,Often,5,2,Frequently,No,3,Twice a week,10–20 Liters,Yes,Yes,No,Yes,Reduced travel,349
4,1,Daily,2,Never,Often,3,3,Frequently,Yes,2,Once a week,10–20 Liters,Yes,No,Yes,No,No change,610
5,1,Several times a week,1,Never,Never,1,3,Frequently,Yes,1,Once a week,Less than 10 Liters,Yes,Yes,Yes,No,No change,430
3,2,Daily,1,Never,Never,2,2,Sometimes,No,2,Once a week,21–40 Liters,Yes,Yes,No,Yes,Reduced travel,465
1,2,Daily,2,Sometimes,Never,3,3,Frequently,Yes,3,Once a week,21–40 Liters,Not sure,Yes,Yes,Yes,Changed routes,415
4,1,Daily,3,Sometimes,Often,5,2,Frequently,No,3,Twice a week,10–20 Liters,Yes,Yes,No,Yes,Reduced travel,356
5,1,Daily,3,Often,Often,2,3,Frequently,Yes,2,Once a week,Less than 10 Liters,Yes,Yes,Yes,No,No change,76
5,1,Daily,1,Sometimes,Sometimes,2,2,Sometimes,Yes,2,More than twice,Less than 10  Liters,Not sure,Yes,No,Yes,"Reduced travel, Driving more carefully",54
5,1,Daily,2,Sometimes,Sometimes,3,2,Sometimes,Yes,1,Once a week,Less than 10 Liters,Yes,Yes,Yes,No,No change,217
5,1,Daily,1,Sometimes,Never,2,2,Sometimes,No,1,Twice a week,Less than 10 Liters,Yes,Yes,Yes,No,No change,245
2,2,Several times a week,3,Often,Often,3,2,Sometimes,Yes,3,Twice a week,81–100 Liters,Yes,No,Yes,No,No change,392
1,1,Daily,1,Never,Never,3,2,Sometimes,No,2,Once a week,21–40  Liters,Yes,Yes,Yes,No,No change,300
1,2,Daily,2,Sometimes,Sometimes,3,3,Frequently,Yes,2,Once a week,10–20 Liters,Yes,Yes,Yes,Yes,Driving more carefully,150
1,2,Daily,2,Sometimes,Sometimes,3,2,Sometimes,No,3,Twice a week,21–40 Liters,Yes,Yes,No,Yes,Reduced travel,351
1,2,Daily,1,Sometimes,Sometimes,2,2,Sometimes,Yes,2,Once a week,21–40  Liters,Not sure,Yes,Yes,Yes,Changed routes,359
1,1,Daily,1,Sometimes,Sometimes,2,2,Sometimes,No,2,Once a week,21–40  Liters,Yes,Yes,No,Yes,"Reduced travel, Changed routes, Driving more carefully",379
1,1,Daily,3,Sometimes,Often,2,3,Frequently,Yes,3,Once a week,10–20 Liters,Yes,Yes,Yes,No,No change,201
5,1,Daily,1,Sometimes,Sometimes,3,3,Frequently,Yes,2,Once a week,Less than 10  Liters,Yes,Yes,Yes,Yes,Reduced travel,92
3,1,Daily,3,Often,Often,2,3,Frequently,Yes,3,Twice a week,41–60 Liters,Yes,Yes,No,Yes,Reduced travel,683
1,2,Daily,1,Never,Never,2,2,Sometimes,Yes,1,Once a week,10–20  Liters,Yes,Yes,Yes,No,No change,180
1,1,Daily,1,Sometimes,Often,3,2,Sometimes,Yes,2,Once a week,21–40  Liters,Yes,Yes,Yes,Yes,Driving more carefully,400
5,1,Daily,2,Sometimes,Sometimes,2,2,Sometimes,Yes,3,Once a week,Less than 10  Liters,Yes,Yes,Yes,No,Driving more carefully,76
5,1,Daily,2,Sometimes,Never,2,1,Rarely,No,1,Twice a week,Less than 10 Liters,Yes,Yes,No,Yes,Reduced travel,136
5,1,Daily,2,Sometimes,Sometimes,3,2,Sometimes,Yes,1,Twice a week,Less than 10 Liters,Yes,Yes,Yes,No,No change,118
5,1,Daily,2,Sometimes,Sometimes,3,2,Sometimes,No,2,Once a week,Less than 10  Liters,Yes,Yes,Yes,No,No change,104
1,2,Daily,3,Sometimes,Sometimes,4,1,Rarely,No,3,Once a week,21–40 Liters,Yes,Yes,No,Yes,Reduced travel,411
2,2,Several times a week,2,Sometimes,Sometimes,2,2,Sometimes,Yes,2,More than twice,21–40  Liters,Yes,Yes,Yes,Yes,Changed routes,145
1,1,Daily,1,Sometimes,Sometimes,2,2,Sometimes,Yes,2,More than twice,10–20  Liters,Yes,Yes,Yes,Yes,Driving more carefully,213
3,2,Daily,2,Sometimes,Sometimes,3,3,Frequently,Yes,3,Twice a week,21–40 Liters,Yes,Yes,No,Yes,Changed routes,476
5,1,Daily,1,Never,Sometimes,2,2,Sometimes,Yes,1,Once a week,Less than 10  Liters,Not sure,Yes,Yes,No,No change,114
1,1,Daily,1,Never,Never,2,3,Frequently,Yes,2,Once a week,21–40 Liters,Yes,Yes,No,Yes,Reduced travel,378
4,1,Daily,1,Never,Sometimes,2,3,Frequently,Yes,2,Once a week,10–20 Liters,Yes,Yes,No,Yes,Changed routes,486
5,1,Daily,3,Often,Often,3,2,Sometimes,No,2,Once a week,Less than 10 Liters,Yes,Yes,Yes,No,No change,252
1,2,Several times a week,2,Sometimes,Sometimes,3,2,Sometimes,No,3,Once a week,21–40 Liters,Not sure,Yes,No,Yes,Reduced travel,361
1,1,Several times a week,1,Never,Sometimes,2,3,Frequently,Yes,2,Once a week,21–40 Liters,Yes,Yes,Yes,No,No change,389
1,1,Daily,1,Sometimes,Sometimes,2,2,Frequently,Yes,2,Once a week,10–20  Liters,Yes,Yes,Yes,No,Driving more carefully,148
1,2,Daily,1,Never,Never,2,3,Frequently,Yes,2,Twice a week,10–20 Liters,Yes,Yes,Yes,No,No change,103
1,1,Daily,2,Sometimes,Often,2,3,Frequently,Yes,3,Twice a week,21–40 Liters,Yes,Yes,Yes,Yes,Driving more carefully,350
1,2,Daily,1,Sometimes,Sometimes,3,2,Sometimes,Yes,2,Once a week,21–40  Liters,Not sure,Yes,Yes,Yes,Changed routes,345
4,1,Occasionally,3,Often,Often,3,2,Frequently,No,3,Once a week,10–20 Liters,Yes,Yes,No,Yes,Reduced travel,523
3,1,Several times a week,2,Sometimes,Never,2,2,Sometimes,Yes,2,Twice a week,21–40 Liters,Yes,Yes,Yes,No,No change,426
4,1,Daily,2,Sometimes,Sometimes,2,2,Frequently,No,2,Once a week,10–20  Liters,Not sure,Yes,No,Yes,"Reduced travel, Changed routes, Driving more carefully",325
5,1,Daily,1,Sometimes,Sometimes,2,2,Sometimes,No,1,Once a week,Less than 10 Liters,Yes,Yes,Yes,No,No change,54
3,1,Daily,2,Sometimes,Sometimes,3,2,Sometimes,Yes,3,Twice a week,21–40 Liters,Yes,Yes,No,Yes,Reduced travel,459
3,1,Daily,1,Never,Sometimes,1,3,Frequently,Yes,3,Once a week,21–40 Liters,Yes,Yes,No,Yes,Reduced travel,388
3,2,Daily,1,Never,Never,2,3,Frequently,Yes,3,Once a week,41–60 Liters,Yes,Yes,No,Yes,Reduced travel,690
1,1,Daily,2,Never,Sometimes,3,3,Frequently,Yes,3,Once a week,10–20 Liters,Yes,Yes,Yes,No,No change,156
1,2,Several times a week,1,Never,Never,3,1,Rarely,No,1,Once a week,10–20  Liters,Yes,Yes,Yes,Yes,Driving more carefully,195
2,2,Occasionally,2,Sometimes,Never,2,3,Frequently,Yes,3,Once a week,61–80 Liters,Yes,Yes,No,Yes,Reduced travel,316
5,1,Several times a week,2,Sometimes,Sometimes,2,2,Sometimes,Yes,2,Once a week,Less than 10  Liters,Not sure,Yes,Yes,Yes,"Reduced travel, Changed routes",365
1,1,Daily,2,Sometimes,Never,2,3,Frequently,Yes,3,Twice a week,21–40 Liters,Yes,Yes,No,Yes,Reduced travel,295
4,1,Several times a week,2,Sometimes,Often,2,1,Rarely,No,2,Once a week,Less than 10 Liters,Yes,Yes,Yes,No,No change,165
1,2,Several times a week,3,Often,Often,3,3,Frequently,Yes,2,Once a week,10–20 Liters,Yes,Yes,Yes,No,No change,223
1,1,Daily,2,Sometimes,Sometimes,2,2,Sometimes,Yes,3,Once a week,21–40 Liters,Yes,Yes,No,Yes,Reduced travel,328
3,1,Daily,3,Often,Often,3,3,Frequently,Yes,3,More than twice,Less than 10  Liters,Yes,Yes,No,Yes,Reduced travel,125
1,1,Daily,3,Sometimes,Often,2,3,Frequently,Yes,3,Once a week,10–20 Liters,Yes,Yes,Yes,No,No change,175
5,1,Daily,2,Sometimes,Sometimes,3,1,Rarely,No,1,Twice a week,Less than 10 Liters,Yes,No,Yes,No,No change,194
5,1,Daily,1,Sometimes,Never,2,2,Sometimes,No,1,Twice a week,Less than 10 Liters,Yes,Yes,Yes,No,No change,228
5,1,Several times a week,1,Sometimes,Sometimes,1,1,Sometimes,No,2,Once a week,Less than 10  Liters,Yes,Yes,Yes,Yes,Reduced travel,122
1,1,Daily,2,Sometimes,Never,3,2,Sometimes,No,2,Once a week,21–40  Liters,Yes,Yes,Yes,No,No change,320
5,1,Several times a week,2,Often,Often,3,2,Frequently,Yes,2,Once a week,Less than 10  Liters,Yes,Yes,No,Yes,"Reduced travel, Driving more carefully",66
1,1,Several times a week,1,Never,Never,2,3,Frequently,Yes,2,Twice a week,21–40 Liters,Yes,Yes,No,Yes,Reduced travel,315
2,2,Several times a week,2,Sometimes,Sometimes,2,2,Sometimes,Yes,2,More than twice,21–40  Liters,Yes,Yes,Yes,Yes,Changed routes,145
3,1,Occasionally,1,Never,Never,2,2,Sometimes,No,2,Once a week,41–60 Liters,Yes,Yes,No,Yes,Changed routes,627
3,2,Several times a week,2,Sometimes,Sometimes,2,1,Rarely,No,2,Once a week,21–40 Liters,Yes,Yes,Yes,No,No change,381
5,1,Daily,2,Sometimes,Sometimes,2,1,Rarely,No,2,Once a week,Less than 10  Liters,Yes,Yes,Yes,Yes,"Reduced travel, Changed routes, Driving more carefully",235
1,1,Daily,1,Never,Never,2,2,Sometimes,No,2,Once a week,21–40 Liters,Yes,Yes,Yes,No,No change,355
1,2,Daily,2,Sometimes,Often,3,2,Sometimes,Yes,1,Once a week,10–20 Liters,Yes,Yes,Yes,No,No change,188
5,1,Daily,2,Sometimes,Sometimes,2,1,Sometimes,Yes,2,Once a week,Less than 10  Liters,Yes,No,Yes,Yes,Reduced travel,482
5,1,Daily,2,Sometimes,Sometimes,3,2,Sometimes,No,2,Once a week,Less than 10  Liters,Yes,Yes,Yes,No,No change,93
1,1,Occasionally,2,Sometimes,Sometimes,3,1,Rarely,No,3,Once a week,Less than 10  Liters,Yes,Yes,No,Yes,Changed routes,105
1,2,Daily,1,Never,Never,2,2,Sometimes,Yes,1,Once a week,10–20  Liters,Yes,Yes,Yes,No,No change,209
2,2,Daily,2,Never,Sometimes,2,2,Sometimes,Yes,2,Twice a week,21–40 Liters,Yes,Yes,No,Yes,Reduced travel,155
3,1,Daily,3,Sometimes,Often,2,3,Frequently,Yes,3,Once a week,10–20 Liters,Yes,Yes,Yes,No,No change,232
5,1,Daily,2,Sometimes,Never,3,3,Frequently,Yes,1,Once a week,Less than 10 Liters,Yes,Yes,No,Yes,Reduced travel,186
1,2,Daily,1,Never,Never,2,3,Frequently,Yes,2,Twice a week,10–20 Liters,Yes,Yes,Yes,No,No change,167
1,2,Several times a week,3,Often,Often,2,3,Frequently,Yes,2,Once a week,10–20 Liters,Yes,Yes,Yes,No,No change,173
1,2,Daily,3,Often,Often,2,3,Frequently,Yes,2,Twice a week,10–20 Liters,Yes,Yes,Yes,No,No change,240
1,1,Daily,1,Never,Never,3,2,Sometimes,No,2,Once a week,21–40  Liters,Yes,Yes,Yes,No,No change,298
1,1,Daily,2,Sometimes,Sometimes,3,2,Sometimes,No,2,Twice a week,10–20  Liters,No,Yes,Yes,No,No change,235
1,2,Daily,2,Sometimes,Sometimes,3,3,Frequently,Yes,3,Once a week,21–40  Liters,Yes,Yes,No,Yes,Reduced travel,227
1,1,Occasionally,1,Sometimes,Sometimes,2,2,Sometimes,Yes,2,More than twice,10–20  Liters,No,Yes,Yes,Yes,Driving more carefully,156
1,1,Occasionally,1,Sometimes,Sometimes,2,3,Frequently,Yes,2,Once a week,10–20  Liters,Yes,Yes,No,Yes,Changed routes,174
3,2,Daily,2,Sometimes,Never,3,3,Frequently,Yes,3,Once a week,41–60 Liters,Yes,Yes,No,Yes,Reduced travel,503
1,2,Several times a week,3,Often,Often,3,3,Frequently,Yes,2,Once a week,10–20 Liters,Yes,Yes,Yes,No,No change,274
4,1,Several times a week,2,Sometimes,Sometimes,2,2,Sometimes,Yes,2,Once a week,Less than 10  Liters,Yes,Yes,Yes,No,Changed routes,193
1,1,Several times a week,1,Sometimes,Sometimes,3,3,Sometimes,No,2,Twice a week,Less than 10  Liters,Not sure,Yes,No,No,No change,121
1,2,Several times a week,2,Sometimes,Often,3,3,Frequently,Yes,2,Once a week,10–20 Liters,Yes,Yes,Yes,No,No change,293
5,1,Daily,2,Sometimes,Sometimes,2,3,Frequently,Yes,1,Once a week,Less than 10 Liters,No,Yes,Yes,No,No change,50
5,1,Occasionally,3,Often,Often,3,1,Rarely,No,3,Once a week,Less than 10  Liters,Yes,Yes,No,Yes,Reduced travel,500
1,2,Several times a week,1,Never,Never,3,1,Rarely,No,1,Once a week,10–20  Liters,Yes,Yes,Yes,Yes,Driving more carefully,134
1,2,Occasionally,2,Sometimes,Sometimes,3,3,Frequently,Yes,2,Once a week,10–20 Liters,Yes,Yes,Yes,Yes,Reduced travel,149
4,1,Daily,2,Sometimes,Sometimes,2,3,Frequently,Yes,3,More than twice,10–20  Liters,Not sure,Yes,No,Yes,Changed routes,401
1,1,Daily,1,Never,Never,2,2,Sometimes,Yes,2,Once a week,21–40 Liters,Yes,Yes,No,Yes,Reduced travel,410
1,1,Several times a week,3,Often,Sometimes,3,3,Frequently,Yes,3,Once a week,21–40 Liters,Yes,Yes,No,Yes,Reduced travel,367
2,2,Several times a week,3,Often,Often,3,2,Sometimes,Yes,3,Twice a week,81–100 Liters,Yes,No,Yes,No,No change,413
1,2,Daily,1,Never,Never,2,2,Sometimes,Yes,1,Once a week,Less than 10  Liters,Yes,Yes,Yes,No,No change,107
2,2,Daily,2,Sometimes,Sometimes,3,3,Frequently,Yes,3,More than twice,61–80 Liters,Yes,Yes,No,Yes,Driving more carefully,363
4,1,Daily,3,Often,Often,4,2,Sometimes,Yes,3,More than twice,Less than 10 Liters,Yes,Yes,No,Yes,Reduced travel,99
5,1,Daily,2,Sometimes,Often,2,2,Sometimes,Yes,1,Once a week,Less than 10 Liters,Yes,Yes,Yes,Yes,Driving more carefully,168
5,1,Daily,2,Sometimes,Sometimes,2,1,Sometimes,Yes,2,Once a week,Less than 10  Liters,Yes,No,Yes,Yes,Reduced travel,448
4,1,Daily,2,Sometimes,Never,3,3,Frequently,Yes,2,Once a week,10–20 Liters,Not sure,Yes,No,Yes,Reduced travel,368
1,1,Daily,1,Never,Never,1,3,Frequently,Yes,2,Twice a week,10–20 Liters,Yes,No,Yes,No,No change,207
4,1,Daily,2,Sometimes,Sometimes,2,1,Rarely,No,2,More than twice,10–20 Liters,Yes,Yes,No,Yes,Reduced travel,359
5,1,Several times a week,2,Often,Often,3,2,Frequently,Yes,2,Once a week,Less than 10  Liters,Yes,Yes,No,Yes,"Reduced travel, Driving more carefully",55
2,2,Daily,1,Never,Never,1,3,Frequently,Yes,3,More than twice,81–100 Liters,Yes,Yes,No,Yes,Reduced travel,495
5,1,Daily,1,Sometimes,Sometimes,2,3,Frequently,Yes,2,Once a week,Less than 10  Liters,Yes,Yes,Yes,Yes,Reduced travel,84
5,1,Daily,2,Sometimes,Sometimes,2,1,Sometimes,Yes,2,Once a week,Less than 10  Liters,Yes,No,Yes,Yes,Reduced travel,357
5,1,Daily,2,Often,Often,1,2,Frequently,No,2,More than twice,Less than 10  Liters,Yes,Yes,Yes,No,No change,73
5,1,Several times a week,1,Sometimes,Sometimes,1,1,Sometimes,No,2,Once a week,Less than 10  Liters,Yes,Yes,Yes,Yes,Reduced travel,159
1,2,Several times a week,2,Sometimes,Sometimes,3,2,Sometimes,No,3,Once a week,21–40 Liters,Not sure,Yes,No,Yes,Reduced travel,345
